slug,titulo,professor,area,capa,sinopse_curta,sinopse_longa,duracao_aulas,duracao_horas,preview_youtube_embed,para_quem_e,o_que_vai_aprender,importancia,curriculo_aula,curriculo_descricao,oferta_avulsa_titulo,oferta_avulsa_subtitulo,oferta_avulsa_preco,oferta_avulsa_preco_parcelado,oferta_avulsa_link_hotmart,oferta_avulsa_inclui,oferta_combo_titulo,oferta_combo_subtitulo,oferta_combo_preco,oferta_combo_preco_parcelado,oferta_combo_link_hotmart,oferta_combo_cursos_inclusos,oferta_combo_inclui,cursos_relacionados,destaque_home,lancamento,_filename,body
os-francos-e-o-nascimento-da-cristandade,Os Francos e o Nascimento da Cristandade,professor-slug,História e Política,/images/cursos/os-francos-e-o-nascimento-da-cristandade.webp,Como um povo bárbaro pagão se tornou a base política da Europa cristã medieval.,"Quando Roma do Ocidente cai, em 476, o continente europeu não mergulha simplesmente em trevas: começa, em silêncio, uma reorganização que vai durar séculos e definir aquilo que hoje chamamos de Europa. No centro dessa reorganização estão os francos, povo de origem germânica que ocupou o norte do que viria a ser a França e, ao longo de quatro séculos, transformou-se de tribo bárbara em império cristão.

Este curso introdutório acompanha esse arco em cinco aulas, de Meroveu a Carlos Magno, passando pela conversão de Clóvis, pela contenção do avanço islâmico por Carlos Martel em Poitiers e pela criação dos Estados Pontifícios por Pepino, o Breve. O fio condutor é uma tese precisa: a Igreja Católica enquanto instituição política — e não apenas espiritual — não se firma em Roma, mas no reino dos francos.

Você vai ler esse período com a perspectiva do historiador Christopher Dawson, para quem a Idade Média é, antes de tudo, ""cristandade"". E vai entender por que compreender os francos é condição para compreender o feudalismo, a centralidade da Igreja medieval e a própria identidade política da Europa Ocidental.",5,1.5,https://youtu.be/P7ZLcUYzvnc?list=RDP7ZLcUYzvnc,"Estudantes de história que querem ir além do manual escolar sobre invasões bárbaras
Leitores de Idade Média que desejam entender as raízes políticas da Igreja Católica
Católicos interessados em compreender historicamente sua tradição institucional
Curiosos pela formação da Europa que buscam um curso sério e introdutório
Professores do ensino médio que precisam de uma síntese rigorosa sobre o tema","Distinguir os termos 'bárbaro', 'invasão' e 'feudalismo' em seu sentido histórico preciso
Compreender por que os francos, e não Roma, foram a base política da cristandade
Identificar os quatro avanços decisivos da Igreja entre os séculos V e IX
Situar a conversão de Clóvis e seu peso institucional para o cristianismo ocidental
Entender a Batalha de Poitiers como ponto de contenção do avanço islâmico
Reconhecer a origem dos Estados Pontifícios na doação de Pepino, o Breve
Analisar o Renascimento carolíngio e a organização nobiliárquica criada por Carlos Magno
Relacionar o Tratado de Verdun à fragmentação que originou o feudalismo clássico","Boa parte do que se ensina sobre Idade Média começa pelo feudalismo já formado, como se ele tivesse surgido do nada. Mas o feudalismo é o resultado de uma fusão entre instituições romanas e bárbaras que demorou séculos para se desenhar — e essa fusão tem nome, lugar e protagonistas. Entender os francos é entender de onde veio o continente europeu como o conhecemos: por que a Igreja se tornou tão poderosa, por que a França é, até hoje, central na história do catolicismo, por que a nobreza se organiza em duques, condes e barões.

Sem essa base, qualquer leitura posterior — Cruzadas, Reforma, formação dos Estados nacionais — fica sem chão. Este curso oferece esse chão de forma sintética, em pouco mais de uma hora.","Aula 1 — As invasões bárbaras e o cenário do Ocidente romano
Aula 2 — Meroveu, Clóvis e a conversão dos francos
Aula 3 — Carlos Martel, Poitiers e os Estados Pontifícios
Aula 4 — Carlos Magno e o Sacro Império Romano do Ocidente
Aula 5 — O Renascimento carolíngio e a origem do feudalismo","Apresenta o contexto das invasões a partir do século III, a divisão do Império em 392, os éditos de Milão e Tessalônica e a chegada dos francos à Neústria e Austrásia.
Trata da dinastia merovíngia, do casamento de Clóvis com Clotilde, da articulação de São Remígio e da conversão dos francos em 496, primeiro grande avanço institucional da Igreja.
Aborda o avanço islâmico após Maomé, a vitória dos francos em Poitiers em 732 e a doação de terras feita por Pepino, o Breve, que origina o patrimônio de São Pedro.
Analisa a ascensão de Carlos Magno, a capital em Aachen, a coroação imperial em 800 e o contraponto com Justiniano e o cesaropapismo do Império Romano do Oriente.
Examina a organização nobiliárquica criada por Carlos Magno, os missi dominici, as capitulares e o Tratado de Verdun de 843, que fragmenta o império e prepara o feudalismo.",Curso Avulso,Acesso completo a este curso,,,https://hotmart.com/em-breve,"Acesso ao curso completo por 1 ano
5 aulas em vídeo, totalizando aproximadamente 1h30
Material de apoio e bibliografia indicada
Certificado digital de conclusão
Indicação das aulas de aprofundamento sobre personagens e obras citadas",,Este curso reunido a outros estudos sobre a formação da Europa cristã,,,https://hotmart.com/em-breve,"os-francos-e-o-nascimento-da-cristandade
curso-relacionado-2
curso-relacionado-3","Todos os cursos listados acima, com acesso por 1 ano
Material de apoio e certificado de todos os cursos
Visão integrada da formação política e religiosa da Europa medieval
Acesso às aulas de aprofundamento vinculadas a cada curso","curso-relacionado-1
curso-relacionado-2
curso-relacionado-3",false,false,01_Francos.resposta.md,# Os Francos e o Nascimento da Cristandade
filosofia-do-direito,Filosofia do Direito,professor-slug,Direito e Vida Pública,/images/cursos/filosofia-do-direito.webp,"Uma introdução à visão clássica do direito a partir de Aristóteles, Tomás de Aquino e os juristas romanos.","Antes de ser lei escrita, código ou tribunal, o direito é uma coisa concreta: a indenização devida àquele atropelado, o salário devido àquele trabalhador, a restituição devida àquele depositante. Foi assim que Aristóteles, os jurisconsultos romanos e Tomás de Aquino o entenderam — como a *ipsa res justa*, a própria coisa justa de uma situação particular entre pessoas reais.

Neste curso, os professores Mauro Keller e Marcos Bueira percorrem os pilares da filosofia jurídica clássica: o que é o direito, o que é a lei, o papel da prudência no julgar, a justiça como virtude e o lugar das instituições políticas na realização do bem comum. A abordagem é fiel à tradição jusnaturalista, mas atenta ao direito vigente brasileiro, com exemplos extraídos da prática forense, do Código Civil, da jurisprudência do Supremo Tribunal Federal e da experiência cotidiana de quem opera o direito.

Você sairá com um vocabulário e uma perspectiva que faltam nas faculdades de direito contemporâneas, dominadas pelo positivismo legalista. Mais do que isso, encontrará razões para repensar o que significa decidir bem, obedecer a uma lei, restituir o que é devido e viver dentro de uma comunidade política ordenada ao bem comum.",5,6,https://www.youtube.com/embed/JyKphLsZ2xY,"Estudantes de direito insatisfeitos com a abordagem meramente legalista das faculdades
Advogados e juízes que buscam fundamentar sua prática numa tradição jurídica robusta
Profissionais do direito interessados em recuperar o vínculo entre direito, moral e bem comum
Leitores de filosofia política e moral que desejam compreender a dimensão jurídica da vida em comum
Cidadãos que querem entender criticamente o funcionamento das instituições brasileiras","Distinguir o direito como coisa concreta da lei como norma abstrata
Compreender a diferença entre direito natural e direito positivo na tradição clássica
Identificar a função da prudência como virtude central do operador do direito
Reconhecer os três preceitos romanos do direito formulados por Ulpiano
Distinguir as três espécies de justiça: legal, comutativa e distributiva
Examinar criticamente a noção moderna de direitos humanos à luz da visão clássica
Entender o papel das instituições políticas na realização do bem comum
Aplicar o juízo de equidade e a doutrina das lacunas em situações concretas","Quem opera o direito sem uma filosofia jurídica clara opera por instinto, modismo ou pressão institucional — e geralmente em favor de quem tem mais poder. A tradição clássica oferece algo que o positivismo dominante não consegue oferecer: um critério firme para reconhecer quando uma lei é injusta, quando uma decisão judicial extrapola seus limites, quando uma instituição se desviou de sua finalidade. Não são questões abstratas. Tocam diretamente o cotidiano de quem precisa decidir, julgar, contratar, votar ou simplesmente entender por que certas leis brasileiras parecem produzir o oposto do que prometem.

O curso também devolve ao direito sua dimensão propriamente humana: ele existe entre pessoas, para pessoas, ordenado ao bem que essas pessoas compartilham em comum. Recuperar esse horizonte é condição para qualquer reflexão séria sobre justiça, autoridade e ordem política.","Aula 1 — O Direito
Aula 2 — A Lei
Aula 3 — A Prudência
Aula 4 — A Justiça
Aula 5 — Instituições e Bem Comum","Apresenta o direito como coisa concreta — a *ipsa res justa* — distinguindo-o da lei e situando-o entre direito natural e positivo, com base em Aristóteles, Tomás de Aquino e os juristas romanos.
Examina a lei como ordenação da razão ao bem comum, articulando lei natural e lei positiva, e discute o problema da lei injusta com exemplos da jurisprudência brasileira.
Trata da *phronesis* aristotélica como virtude intelectual central do operador do direito, suas partes integrantes e potenciais, e a diferença entre prudência jurídica e técnica.
Analisa a justiça como virtude que tem o direito por objeto, percorrendo as espécies legal, comutativa e distributiva, e a relação entre justiça, amizade e bens humanos.
Estuda a dimensão social e política do direito a partir da teoria dos seis poderes de César Saldanha e da hierarquia dos fins próximos, intermediários e últimos das instituições.",Curso Avulso,Acesso completo a este curso,,,https://hotmart.com/em-breve,"Acesso ao curso completo por 1 ano
5 aulas em vídeo, totalizando aproximadamente 6h de conteúdo
Material de apoio e bibliografia indicada pelos professores
Certificado digital de conclusão",,Este curso integrado a outros títulos da área de Direito e Vida Pública,,,https://hotmart.com/em-breve,"filosofia-do-direito
filosofia-do-direito
filosofia-do-direito","Acesso a todos os cursos do combo por 1 ano
Material de apoio e bibliografia de todos os cursos
Certificado digital de conclusão para cada curso
Visão integrada da tradição clássica aplicada ao direito e à vida pública","filosofia-do-direito
filosofia-do-direito
filosofia-do-direito",false,false,02_FilosofiaDireito.resposta.md,# Filosofia do Direito
gregos-fundamento-do-ocidente,Gregos: o Fundamento do Ocidente,guilherme-almeida,História e Política,/images/cursos/gregos-fundamento-do-ocidente.webp,"Uma introdução à civilização grega como matriz do pensamento, da política e da cultura ocidentais.","Antes de existir Ocidente, existiu Grécia. Antes de existirem democracia, filosofia, história escrita,
teatro, ética como disciplina e cidadania como categoria política, existiu um povo que, espalhado por
ilhas e penínsulas no Mediterrâneo oriental, decidiu pela primeira vez pensar o mundo por meio do logos
sem abandonar o mito. Este curso introdutório oferece a você um panorama dessa civilização, das suas
raízes minoicas e micênicas até o império de Alexandre, passando pela Guerra de Troia, pela formação
das pólis, pelas guerras médicas e pela época de ouro de Atenas.

A abordagem do professor Guilherme Almeida combina rigor histórico e sensibilidade para o peso
civilizacional do que está sendo narrado. Não se trata de listar reis, batalhas e datas, e sim de
mostrar como cada elemento da formação grega — a literatura de Homero, a teogonia de Hesíodo, a
história de Heródoto, a filosofia de Sócrates, Platão e Aristóteles, a paideia educacional, a
democracia ateniense, a oligarquia espartana — compõe um patrimônio do qual ainda somos herdeiros.
Você sai do curso com uma compreensão estruturada de por que olhar para a Grécia é olhar para o
próprio espelho da cultura ocidental.",6,1.5,https://www.youtube.com/embed/JyKphLsZ2xY,"Estudantes que precisam de um panorama sólido da Grécia antiga em poucas aulas
Leitores de filosofia e literatura clássica que querem entender o contexto histórico das obras
Pais e educadores interessados em transmitir a tradição clássica aos filhos e alunos
Autodidatas que desejam fundamentar suas leituras sobre o Ocidente em bases históricas claras
Curiosos pela história antiga que buscam um curso introdutório sem superficialidade","Reconhecer as civilizações minoica e micênica como raízes da cultura grega
Compreender por que a Grécia clássica nunca foi um Estado centralizado, e sim um conjunto de pólis
Distinguir Ilíada e Odisseia, Teogonia e História como pilares formadores do povo grego
Entender a democracia ateniense em seus critérios reais de cidadania
Situar as guerras médicas e a Guerra do Peloponeso na lógica da hegemonia mediterrânea
Diferenciar civilização helênica de civilização helenística após Alexandre Magno
Relacionar o legado grego com a civilização romana e com o mundo ocidental contemporâneo
Articular religião, política, filosofia e cultura como dimensões inseparáveis na Antiguidade","Falar da Grécia não é falar de um passado distante e morto. É falar das categorias mentais com as quais
você ainda hoje pensa o que é justiça, o que é virtude, o que é beleza, o que é cidadania e o que é
governo. Quando alguém discute autoridade política, está usando vocabulário que nasceu na ágora; quando
alguém aprecia uma tragédia ou um romance, está dentro de uma tradição que começou em Atenas.

Este curso importa porque oferece a você um chão histórico para leituras filosóficas, literárias e
políticas que, sem esse pano de fundo, ficam soltas no ar. Entender a Grécia é entender por que o
Ocidente se organizou do jeito que se organizou — e perceber, com clareza, o que está em jogo quando
esse legado é desprezado ou caricaturado em debates contemporâneos.","Aula 1 — Raízes da civilização grega: minoicos, micênicos e a chegada dos povos da Ásia Menor
Aula 2 — A Guerra de Troia e a hegemonia da Grécia peninsular
Aula 3 — Aedos, historiadores e filósofos: a formação do imaginário grego
Aula 4 — A época de ouro: pólis, democracia ateniense e paideia
Aula 5 — Guerras médicas, Guerra do Peloponeso e o império de Alexandre
Aula 6 — O legado grego e o nascimento de Roma","Apresenta as civilizações minoica e micênica e mostra como a fusão com eólicos, dóricos, jônicos e aqueus formou a cultura helênica.
Analisa a Guerra de Troia como guerra entre gregos e discute por que a autonomia das pólis impediu, por séculos, uma centralização política.
Examina o papel de Homero, Hesíodo e Heródoto na consciência histórica do povo grego e a passagem do mito ao logos filosófico.
Mostra a democracia direta de Atenas, o tripé restritivo da cidadania e a centralidade educacional da pólis, com base em Werner Jaeger e Fustel de Coulanges.
Percorre as batalhas de Maratona, Termópilas, Salamina e Plateia, a guerra entre Atenas e Esparta, e a passagem da Grécia helênica para a helenística.
Relaciona o fim do império grego ao surgimento da República Romana e discute por que Grécia e Roma juntas formam o espelho civilizacional do Ocidente.",Curso Avulso,Acesso completo a este curso,,,https://hotmart.com/em-breve,"Acesso ao curso completo por 1 ano
6 aulas em vídeo, totalizando 1,5h de conteúdo
Bibliografia indicada pelo professor, com obras de Toynbee, Jaeger e Fustel de Coulanges
Material de apoio para acompanhamento
Certificado digital de conclusão",,,,,https://hotmart.com/em-breve,gregos-fundamento-do-ocidente,"Todos os cursos listados acima, com acesso por 1 ano
Material de apoio e certificado de todos os cursos
Visão integrada da formação histórica do Ocidente","a
b
c",false,false,03_GreciaAntiga.resposta.md,# Gregos: o Fundamento do Ocidente
roma,Roma,professor-tbd,História e Política,/images/cursos/roma.webp,Da loba capitolina ao édito de Milão: a civilização que moldou o Ocidente e o cristianismo.,"Roma é muito mais que ruínas e legiões. É a matriz das leis que ainda regem nossos códigos, da burocracia que organiza nossos Estados, da língua que falamos e da estrutura civilizacional sobre a qual o cristianismo se ergueu. Compreender Roma é, em larga medida, compreender o espelho do Ocidente.

Neste curso introdutório, você percorre mais de mil anos de história romana — da monarquia fundada por Rômulo até a queda do Império do Ocidente em 476 e o desdobramento bizantino que se estende a 1453. O professor combina análise histórica rigorosa com leituras de mitos fundadores, episódios psíquicos coletivos e o entrelaçamento permanente entre religião e política. A loba capitolina, o rapto das sabinas, as guerras púnicas, o triunvirato, o assassinato de César, a paz augustana, a perseguição aos cristãos e o édito de Milão aparecem não como datas isoladas, mas como peças de um único movimento civilizacional.

É um percurso construído para quem deseja entender por que tantos caminhos do mundo moderno ainda levam a Roma.",7,2,https://www.youtube.com/embed/JyKphLsZ2xY,"Estudantes e autodidatas que querem uma base sólida em história antiga
Leitores de filosofia política interessados nas raízes da res publica
Cristãos que desejam entender o solo histórico onde a Igreja nasceu
Professores de história em busca de uma síntese editorial e densa
Curiosos sobre as continuidades entre Roma antiga e o mundo contemporâneo","Identificar as três grandes fases da história romana: monarquia, república e império
Compreender os mitos fundadores e sua função na formação da identidade romana
Analisar a estrutura política do consulado, do senado e dos tribunos da plebe
Reconstituir as guerras púnicas e sua importância para a expansão romana
Acompanhar a trajetória do primeiro triunvirato e a ascensão de Júlio César
Distinguir as três fases da relação entre cristianismo e Império Romano
Entender a divisão do império por Teodósio e a queda do Ocidente em 476
Relacionar a fusão entre romanos e povos germânicos com a formação do feudalismo","Estudar Roma não é exercício de erudição distante. É reconhecer, no presente, a herança que continua agindo sobre nossas instituições, sobre nossa noção de cidadania, sobre a forma como concebemos a lei, a autoridade e a vida pública. As pernas de ferro da estátua de Daniel — imagem que atravessa o curso — não pertencem ao passado: elas sustentam, ainda hoje, boa parte do que chamamos de Ocidente.

Mais profundamente, compreender Roma é compreender o terreno histórico em que o cristianismo nasceu, foi perseguido e finalmente se tornou a religião oficial de um império. Sem essa moldura, a própria cristandade medieval — e portanto a civilização que dela derivou — permanece ininteligível. Este curso oferece a base para essa compreensão.","Aula 1 — Por que estudar Roma
Aula 2 — Mitos fundadores e a herança arcaica
Aula 3 — A monarquia e a estrutura burocrática inicial
Aula 4 — Da queda da monarquia à república
Aula 5 — As guerras púnicas e a expansão
Aula 6 — Júlio César e o fim da república
Aula 7 — Império, cristianismo e queda do Ocidente","Apresenta a importância civilizacional de Roma, o domínio do Mare Nostrum e a continuidade entre Grécia e Roma como matriz do Ocidente.
Examina Rômulo e Remo, a loba capitolina, o fratricídio e o rapto das sabinas como camadas de violência simbólica na formação romana.
Analisa a formação do senado, a divisão social entre patrícios, plebeus e escravos, e a complexificação política da Roma monárquica.
Trata do estupro de Lucrécia, da deposição de Tarquínio, da criação do consulado e das conquistas plebeias até a Lei Licínia.
Reconstitui o choque entre Roma e Cartago, a travessia de Aníbal, a destruição de Cartago e o surgimento do primeiro triunvirato.
Acompanha a travessia do Rubicão, a guerra civil contra Pompeu, a relação com Cleópatra e o assassinato de César pelo senado.
Percorre o governo de Otávio Augusto, as três fases do cristianismo no império, o édito de Milão, Teodósio e a queda de Roma em 476.",Curso Avulso,Acesso completo a este curso,"R$ 297,00","12x de R$ 29,70",https://hotmart.com/em-breve,"Acesso ao curso completo por 1 ano
7 aulas em vídeo, totalizando aproximadamente 2h de conteúdo
Material de apoio e bibliografia indicada
Certificado digital de conclusão",Combo História Antiga,Este curso reunido aos demais cursos da série de história antiga,"R$ 797,00","12x de R$ 79,70",https://hotmart.com/em-breve,"roma
grecia
mesopotamia","Todos os cursos listados acima, com acesso por 1 ano
Visão integrada das civilizações que formaram o Ocidente antigo
Material de apoio e certificado de todos os cursos
Bibliografia curada para aprofundamento contínuo","grecia
mesopotamia
idade-media",false,false,04_Roma.resposta.md,# Roma
imperio-bizantino,Império Bizantino,guilherme-almeida,História e Política,/images/cursos/imperio-bizantino.webp,"Uma introdução clara ao Império Romano do Oriente, seu auge sob Justiniano e seu legado para o cristianismo.","O Império Bizantino é frequentemente tratado como nota de rodapé da história romana, quando foi, na verdade, sua continuação por mais de mil anos. Neste curso introdutório, o professor Guilherme Almeida apresenta a trajetória do chamado Império Romano do Oriente a partir de seu centro estratégico — Constantinopla, no estreito do Bósforo — e do reinado decisivo de Justiniano no século VI.

Você entenderá por que o Ocidente romano ruiu enquanto o Oriente resistiu, como o comércio marítimo sustentou o poder bizantino, e de que modo Justiniano, ao se afirmar como césaro-papa, unificou poder temporal e espiritual, codificou o direito romano no Corpus Juris Civilis e ergueu a Hagia Sofia. O curso também trata das disputas religiosas internas — iconoclastas, monofisistas, arianos — que prepararam o Cisma de 1054 e a separação entre a Igreja de Roma e a Igreja Ortodoxa.

A abordagem é direta, panorâmica e fiel ao fato histórico, sem rodeios eruditos. Trata-se de uma porta de entrada para quem quer compreender as raízes da Europa cristã e o destino do cristianismo oriental.",2,0.5,https://www.youtube.com/embed/JyKphLsZ2xY,"Leitores que querem entender a continuidade entre Roma e a Europa cristã
Estudantes de história que buscam um panorama claro do Oriente medieval
Católicos e ortodoxos interessados nas origens do Cisma de 1054
Curiosos sobre por que o islã se firmou onde antes reinava o cristianismo","Compreender a posição estratégica de Constantinopla no Bósforo e seu papel comercial
Distinguir as razões da queda do Ocidente romano e da sobrevivência do Oriente
Reconhecer o governo de Justiniano e o conceito de cesaropapismo
Identificar o significado do Corpus Juris Civilis para o direito ocidental
Diferenciar iconoclastas, monofisistas e arianos nas disputas internas bizantinas
Situar a expansão islâmica a partir de 622 e seu impacto sobre o Império Bizantino
Entender as causas e consequências do Cisma do Oriente, em 1054
Explicar a presença da Igreja Ortodoxa na Rússia e no Leste Europeu","Boa parte do que chamamos de civilização ocidental tem raízes que passam pelo Oriente bizantino: o direito codificado, a teologia cristã madurecida em concílios, a arte sacra dos mosaicos, a noção de um poder que articula trono e altar. Ignorar Bizâncio é perder o elo que liga a Antiguidade clássica ao mundo medieval e, por extensão, à modernidade europeia.

Este curso oferece esse elo de forma condensada. Ao final, você terá uma chave de leitura para entender por que a Rússia é ortodoxa, por que o islã ocupou as antigas terras cristãs do Oriente Médio, e por que o cristianismo tomou rumos distintos a leste e a oeste de Constantinopla. São perguntas que retornam toda vez que se lê o noticiário internacional com um pouco de seriedade.","Aula 1 — Justiniano e o auge do Império Bizantino
Aula 2 — Disputas religiosas, expansão islâmica e o Cisma do Oriente","Apresenta a continuidade da civilização romana no Oriente, a posição estratégica de Constantinopla e o governo de Justiniano, incluindo o Corpus Juris Civilis, a Hagia Sofia e a Revolta de Nica.
Aborda iconoclastas, monofisistas e arianos, o avanço do islã a partir de 622, o Cisma de 1054 e a formação da Igreja Ortodoxa, com sua posterior expansão para a Rússia.",Curso Avulso,Acesso completo a este curso,,,https://hotmart.com/em-breve,"Acesso ao curso completo por 1 ano
2 aulas em vídeo, totalizando aproximadamente 30 minutos
Material de apoio e bibliografia indicada
Certificado digital de conclusão",,Este curso integrado a outros cursos de história da mesma trilha,,,https://hotmart.com/em-breve,imperio-bizantino,"Todos os cursos listados acima, com acesso por 1 ano
Material de apoio e certificado de todos os cursos
Trilha integrada de história para uma visão de longa duração","a
b
c",false,false,05_ImpBizan.resposta.md,# Império Bizantino
filosofia-da-educacao,Filosofia da Educação,fabio-florenci,Filosofia e Formação do Juízo,/images/cursos/filosofia-da-educacao.webp,A crise da educação moderna examinada a partir de suas raízes filosóficas e históricas.,"A escola contemporânea produz jovens que dominam fragmentos de conhecimento, mas não sabem como habitá-los. Fábio Florenci — doutor em Filosofia com tese dedicada ao tema — parte deste diagnóstico para conduzir uma investigação séria sobre o que a educação é, o que ela pode e o que ela deixou de ser.

O curso percorre a história do pensamento educacional desde a Grécia Antiga — a paideia, o debate entre Platão e Isócrates, a vida contemplativa como ideal formativo — até a crise moderna, passando pelo equilíbrio tomista entre fé e razão, pelo sistema jesuíta, pelo iluminismo, pela Revolução Industrial e pelo positivismo de Comte. Cada etapa é tratada não como curiosidade historiográfica, mas como chave para entender por que chegamos onde chegamos.

A perspectiva de Florenci é aristotélico-tomista: a educação só cumpre sua função quando oferece ao educando instrumentos para se orientar pela inteligência na realidade como um todo, e não apenas em um setor técnico dela. Sem esse horizonte, o que resta é tédio — e o tédio, como mostra Eric Weil, tem consequências que vão muito além da sala de aula.

O tom é filosófico e histórico, sem concessões ao jargão pedagógico contemporâneo. Quem busca receitas práticas imediatas encontrará algo mais valioso: uma compreensão das causas do problema e dos princípios a partir dos quais soluções concretas se tornam possíveis.",15,6,https://www.youtube.com/embed/JyKphLsZ2xY,"Educadores que sentem que algo estrutural está errado no sistema de ensino e querem entender por quê.
Pais que querem fundamentar suas escolhas educacionais em algo mais sólido do que modismos pedagógicos.
Estudantes de filosofia, pedagogia ou história que buscam uma visão integrada da tradição educacional ocidental.
Leitores de filosofia clássica que desejam compreender como Platão, Aristóteles e Tomás de Aquino pensaram a formação humana.
Profissionais da educação insatisfeitos com a fragmentação do currículo e com o esvaziamento das humanidades.","Identificar as causas filosóficas e históricas da crise do sistema de ensino contemporâneo.
Distinguir o ideal grego de paideia das formas modernas de instrução técnica.
Compreender o debate entre educação filosófica e educação retórica em Platão e Isócrates.
Explicar o papel da vida contemplativa na tradição educacional grega e cristã.
Analisar a síntese tomista entre fé e razão como modelo para um sistema de ensino cristão coerente.
Reconhecer a influência do sistema jesuíta na formação da educação ocidental até o século XX.
Rastrear como a Revolução Industrial e o positivismo redefiniram os fins da educação.
Avaliar criticamente a noção iluminista de progresso e suas consequências pedagógicas.
Articular a relação entre relativismo, democracia liberal e a dificuldade de formar para a virtude.
Identificar princípios concretos — como o papel das humanidades e da metafísica — para repensar a educação.","Toda pessoa que educa — como pai, professor ou simplesmente como cidadão que vota e opina — age a partir de uma concepção implícita do que o ser humano é e para que ele existe. Quando essa concepção não foi examinada, ela costuma ser um empréstimo não reconhecido de ideias que circulam no ambiente cultural: o otimismo pedagógico iluminista, o utilitarismo técnico da Revolução Industrial, o sentimentalismo de Rousseau.

Entender de onde vêm essas ideias não é exercício de erudição. É uma forma de recuperar a capacidade de julgar. Quem compreende por que o currículo moderno é fragmentado, por que a ""educação para a cidadania"" costuma ser vaga e por que o tédio e a violência crescem mesmo onde as necessidades materiais estão satisfeitas, está em posição muito melhor para fazer escolhas educacionais com consequências reais — para seus filhos, para seus alunos, para a comunidade em que vive.","Aula 1 — A crise da educação e o diagnóstico de Eric Weil
Aula 2 — A origem grega da paideia
Aula 3 — A crise democrática e o surgimento dos sofistas
Aula 4 — A vida contemplativa e os pitagóricos
Aula 5 — A República de Platão como obra de filosofia da educação
Aula 6 — O currículo do filósofo em Platão
Aula 7 — Isócrates e a educação retórica
Aula 8 — O cristianismo e a educação clássica
Aula 9 — Santo Tomás de Aquino e a síntese entre fé e razão
Aula 10 — O Renascimento e a ruptura do equilíbrio tomista
Aula 11 — Os jesuítas, o jansenismo e o iluminismo
Aula 12 — A noção de progresso e a Revolução Industrial
Aula 13 — Positivismo, especialização e o beco sem saída do ensino atual
Aula 14 — Democracia liberal, Rousseau e a formação para a virtude
Aula 15 — Recapitulação e princípios para uma educação renovada","Apresenta a justificativa do curso a partir da conferência de Eric Weil sobre educação como problema do nosso tempo, identificando o déficit de sentido como causa da violência entre jovens bem formados materialmente.
Examina o surgimento do ideal de cultura como formação para a excelência humana, exclusivo da Grécia, contrastando a educação de escribas do Egito e Mesopotâmia com a ética guerreira dos povos nômades.
Analisa como a democracia ateniense tornou insuficiente o modelo aristocrático de formação, gerando duas respostas: a solução conservadora de Ânito e a proposta dos sofistas como professores remunerados de virtude cívica.
Descreve o surgimento da vida contemplativa como ideal grego original, sua combinação com a visão órfica dentro da seita pitagórica e a influência decisiva de Pitágoras sobre Platão e a fundação da Academia.
Apresenta A República como a mais importante obra de filosofia da educação já escrita, explorando os personagens de Trasímaco, Céfalo, Glauco e Adimanto como tipos humanos constantes e a meta da formação para a contemplação.
Detalha o percurso educacional proposto na República — da ginástica e da música à matemática e à dialética ascendente e descendente —, explicando por que a dialética é o ponto máximo a que a formação pode aspirar.
Situa Isócrates como pai do humanismo ocidental, examinando sua crítica a Platão, seu ideal de formação para a opinião prudente e a contraposição entre educação filosófica e educação retórica como tensão permanente na história.
Examina o impacto do ideal cristão de santidade sobre a tradição educacional greco-romana, analisando as posições extremas de Tertuliano e dos entusiastas da educação clássica como Clemente de Alexandria.
Mostra como a filosofia tomista estabelece o equilíbrio clássico entre fé e razão, define a função da teologia como ciência e serve de modelo para um sistema de ensino cristão que integra contemplação e revelação.
Descreve como a Peste Negra, o Cisma do Ocidente e o Renascimento italiano fragilizaram a síntese medieval, promovendo uma educação retórica viciada pelo formalismo e um florescimento paradoxal do ocultismo.
Examina a Ratio Studiorum jesuíta como combinação de retórica humanista e filosofia tomista, o ataque jansenista à sua moralidade e a formação dos principais iluministas — incluindo Voltaire — nas escolas da Companhia.
Analisa como a noção iluminista de progresso transforma a visão cristã de injustiça social, redefine a natureza humana como aperfeiçoável e abre caminho para a especialização científica que fragmenta o currículo escolar.
Mostra como as exigências da Revolução Industrial e as reformas positivistas de Comte impuseram ao sistema de ensino uma fragmentação crescente que impede o educando de formar uma imagem coerente da realidade.
Discute o paradoxo da democracia moderna: ela exige cidadãos formados para a virtude, mas a liberdade negativa de Rousseau — fundada no sentimento, não na razão — torna essa formação sistematicamente impossível.
Retoma o diagnóstico de Weil à luz de todo o percurso histórico, propõe a reintrodução das humanidades clássicas e da metafísica no centro da formação e aponta o relativismo universitário como obstáculo a ser enfrentado.",Curso Avulso,Acesso completo a este curso,,,https://hotmart.com/em-breve,"Acesso ao curso completo por 1 ano
15 aulas em vídeo, totalizando 6h
Material de apoio e bibliografia indicada
Certificado digital de conclusão",,,,,https://hotmart.com/em-breve,"filosofia-da-educacao
filosofia-da-educacao2
filosofia-da-educacao3","Todos os cursos listados acima, com acesso por 1 ano
Material de apoio e certificado de todos os cursos
Material de apoio e certificado de todos os cursos",,false,false,06_FilosofiaEducacao.resposta.md,# Filosofia da Educação
alta-idade-media,Alta Idade Média,guilherme-almeida,História e Política,/images/cursos/alta-idade-media.webp,"Mil anos de civilização ocidental explicados a partir de suas estruturas reais, sem mitos.","A Idade Média costuma ser evocada por imagens vagas — trevas, superstição, cavaleiros e castelos — quando não é confundida inteiramente com o feudalismo, como se os dois termos fossem sinônimos. Este curso desfaz essas associações apressadas e coloca o período medieval no lugar que lhe cabe: não uma parentese entre a Antiguidade e a Modernidade, mas o momento em que a civilização ocidental ganhou forma.

O professor Guilherme Almeida conduz o estudo da Alta Idade Média — do século V ao XI, aproximadamente — a partir de suas estruturas concretas: a organização nobiliárquica forjada por Carlos Magno, os laços de suserania e vassalagem, a servidão e suas obrigações específicas, a economia agropecuária fechada nos feudos e o papel onipresente da cristandade como manto institucional de toda a vida social.

A abordagem é histórica e analítica, com atenção às distinções que os manuais costumam borrar — entre servo e escravo, entre marco cronológico e forma de organização social, entre feudalismo europeu e os impérios Bizantino e Islâmico que coexistiam com ele. O curso termina no limiar da transformação: o excedente agrícola, as feiras medievais e o nascimento da burguesia como força que vai reconfigurar tudo o que vinha antes.",4,1,https://www.youtube.com/embed/JyKphLsZ2xY,"Estudantes do ensino médio que querem compreender o medievo além do livro didático
Adultos com lacunas na formação histórica que desejam entender a origem da civilização ocidental
Professores de história que buscam uma apresentação conceitual clara da estrutura feudal
Leitores de literatura e filosofia medievais que precisam do contexto histórico para avançar","Distinguir Idade Média como marco cronológico e feudalismo como forma de organização social
Compreender a origem do feudalismo na fusão entre as culturas germânica e romana
Identificar os níveis da hierarquia nobiliárquica e a relação entre título e extensão territorial
Diferenciar laços de vassalagem, de servidão e os deveres concretos de cada relação
Descrever a estrutura interna de um feudo e as obrigações servis como talha, corveia e banalidades
Explicar por que a economia medieval era fechada e quais fatores sustentavam essa retração
Situar os impérios Bizantino e Islâmico dentro do mesmo período sem confundi-los com o feudalismo
Entender como o arado de tração animal gerou excedente agrícola e desencadeou mudanças estruturais
Reconhecer o surgimento da burguesia nos burgos como produto das feiras medievais
Perceber o papel da Igreja Católica como instituição unificadora de toda a ordem medieval","Boa parte do que chamamos de cultura política ocidental — a limitação do poder do governante, a distinção entre autoridade pública e domínio privado, a tensão entre centralização e autonomia local — tem raízes diretas na Idade Média. A Magna Carta de 1215, assinada por pressão de barões ingleses, é apenas o exemplo mais célebre de como estruturas medievais produziram precedentes que ainda organizam o direito e a política contemporâneos.

Compreender esse período não é exercício de erudição: é aprender a ler a genealogia de instituições que continuam operando. Quem entende como o feudo funcionava entende melhor por que certas formas de poder resistem à centralização. Quem entende o papel da cristandade medieval entende melhor a relação entre religião e espaço público nas sociedades ocidentais. Este curso oferece esse mapa conceitual com rigor e sem nostalgia.","Aula 1 — Introdução: Idade Média, feudalismo e cristandade
Aula 2 — A organização nobiliárquica e a descentralização do poder
Aula 3 — A estrutura interna do feudo e a economia servil
Aula 4 — O arado, as feiras medievais e o nascimento da burguesia","Distingue Idade Média como marco cronológico (476–1453) do feudalismo como organização social específica; apresenta a cristandade como elemento estruturante indissociável do período e situa o debate entre historiadores como Pirenne e Huizinga sobre os limites do período.
Explica o êxodo urbano e a ruralização da economia; detalha a hierarquia de títulos nobiliárquicos criada por Carlos Magno e a relação entre extensão territorial e poder; analisa os laços de suserania e vassalagem e a descentralização política ilustrada pela Magna Carta de 1215.
Descreve a divisão da terra entre manso senhorial e manso servil; explica as obrigações servis — talha, corveia, mão morta, banalidades e primanote — e distingue servidão de escravidão; examina por que o domínio islâmico e bizantino do Mediterrâneo retraiu o comércio europeu.
Apresenta a sociedade estamental medieval (oratores, bellatores, laboratores) e o Livro das Horas do Duque de Berry como fonte iconográfica; analisa como o arado de tração animal gerou excedente de produção, impulsionou as feiras nos burgos e criou as condições para o surgimento da burguesia como nova camada social.",Curso Avulso,Acesso completo a este curso,,,https://hotmart.com/em-breve,"Acesso ao curso completo por 1 ano
4 aulas em vídeo, totalizando 1h de conteúdo
Material de apoio e bibliografia indicada
Certificado digital de conclusão",,,,,https://hotmart.com/em-breve,"alta-idade-media
alta-idade-media
alta-idade-media","Todos os cursos listados acima, com acesso por 1 ano
Material de apoio e certificado de todos os cursos",,false,false,07_AltaIdadeMedia.resposta.md,# Alta Idade Média
baixa-idade-media,Baixa Idade Média,professor-slug,História e Política,/images/cursos/baixa-idade-media.webp,"A Idade Média em seu auge: catedrais, universidades, cruzadas e o ocaso da cristandade medieval.","Quando se fala em Idade Média, a imaginação tende a parar nas imagens de escuridão e estagnação. Este curso desfaz esse equívoco mostrando que o período compreendido entre os séculos X e XV foi, ao contrário, o momento de maior florescimento intelectual, arquitetônico e teológico da civilização cristã ocidental. É na Baixa Idade Média que surgem as grandes universidades europeias — Bolonha, Oxford, Sorbonne, Coimbra —, que se erguem as catedrais góticas e que São Tomás de Aquino escreve a Suma Teológica.

A perspectiva adotada neste curso é a de quem enxerga a Idade Média não como um intervalo entre a Antiguidade e o Renascimento, mas como um mundo com lógica própria e realizações genuínas. A abordagem é panorâmica e narrativa: o professor costura eventos políticos, religiosos, artísticos e intelectuais — das Cruzadas à Peste Negra, de Averróis a Dante — para que o aluno compreenda o período como um todo coerente, e não como uma sequência de fatos isolados.

O curso se encerra onde o Renascimento começa, seguindo a tese do historiador Paul Johnson de que o Renascimento é a última fase da Idade Média — o que faz desta planificação uma porta de entrada indispensável para quem deseja entender a cultura ocidental em suas raízes.",3,0.5,https://www.youtube.com/embed/JyKphLsZ2xY,"Estudantes de história, filosofia ou teologia que querem uma visão articulada do período medieval.
Leitores de Dante, Tomás de Aquino ou dos romances de cavalaria que buscam contexto histórico sólido.
Professores do ensino médio que precisam de uma narrativa coesa sobre a Idade Média para suas aulas.
Pessoas que desejam entender as raízes medievais da arquitetura gótica e das universidades europeias.","Distinguir Alta e Baixa Idade Média e compreender o que caracteriza cada período.
Entender o papel das Cruzadas no surgimento das universidades e na circulação do conhecimento aristotélico.
Analisar a arquitetura gótica como linguagem teológica e simbólica da cristandade medieval.
Compreender a contribuição de Averróis na transmissão de Aristóteles para a escolástica cristã.
Identificar as tensões entre poder espiritual e poder temporal ao longo dos séculos XII, XIII e XIV.
Situar São Tomás de Aquino e São Francisco de Assis no contexto do florescimento teológico do século XIII.
Reconhecer o impacto da Peste Negra sobre a autoridade da Igreja e sobre a estrutura social europeia.
Compreender o significado histórico da Comédia de Dante como obra de transição entre o medievalismo e o Renascimento.","Compreender a Baixa Idade Média não é apenas uma questão de erudição histórica. A universidade como instituição, a separação entre poder espiritual e poder temporal, a ideia de que a razão e a fé podem dialogar — tudo isso tem raízes nesse período. Quando se lê Dante, quando se entra numa catedral gótica, quando se discute a relação entre Estado e Igreja, está-se lidando, ainda que sem perceber, com questões que foram formuladas entre os séculos X e XV.

Este curso oferece as ferramentas para ler esses fenômenos com mais precisão. Não se trata de idealizar a Idade Média nem de depreciá-la, mas de entendê-la em seus próprios termos — e, a partir daí, perceber com mais clareza de onde vieram muitas das estruturas que ainda organizam a vida ocidental.","Aula 1 — Cruzadas, Universidades e Catedrais Góticas
Aula 2 — Cismas, Escolástica e o Avanço do Poder Real
Aula 3 — Peste Negra, Guerra dos Cem Anos e o Limiar do Renascimento","Apresenta o florescimento econômico e intelectual da Baixa Idade Média, o papel das Cruzadas na circulação do conhecimento, o surgimento das universidades e a arquitetura gótica como expressão teológica — com análise de Saint-Denis e Sainte-Chapelle.
Examina os cismas oriental e ocidental da Igreja, o florescimento teológico do século XIII com São Tomás de Aquino e São Francisco de Assis, e o início da disputa entre poder temporal e espiritual com Filipe o Belo e os templários.
Analisa o impacto da Peste Negra sobre a autoridade da Igreja, as convulsões sociais do século XIV descritas por Barbara Tuchman, e a Comédia de Dante Alighieri como obra que anuncia o Renascimento sem abandonar os valores medievais.",Curso Avulso,Acesso completo a este curso,,,https://hotmart.com/em-breve,"Acesso ao curso completo por 1 ano
3 aulas em vídeo, totalizando 0.5h
Material de apoio e bibliografia indicada
Certificado digital de conclusão",,,,,https://hotmart.com/em-breve,baixa-idade-media,"Todos os cursos listados acima, com acesso por 1 ano
Material de apoio e certificado de todos os cursos",,false,false,08_BaixaIdadeMedia.resposta.md,# Baixa Idade Média
renascimento,Renascimento,history-teacher,História e Política,/images/cursos/renascimento.webp,"Um panorama do Renascimento que vai muito além das artes e revela suas raízes políticas, econômicas e religiosas.","O Renascimento costuma ser reduzido a pinturas, esculturas e ao mito do ""homem universal"". Este curso propõe outra leitura: a de um período que transformou simultaneamente a política, a economia, a religião, as ciências e a cultura europeia ao longo de três séculos — e cujos efeitos chegam até nós, inclusive na formação do Brasil.

A partir de uma perspectiva ampla e integrada, o curso percorre as origens comerciais e urbanas do movimento, a ascensão do absolutismo e a teoria política de Maquiavel, Bodin e Hobbes, a lógica do mercantilismo e sua relação direta com as grandes navegações, e as rupturas religiosas que culminaram na Reforma Protestante e na Contrarreforma. A frase de Protágoras — ""o homem é a medida de todas as coisas"" — funciona como fio condutor: o curso mostra como essa ideia de centralidade humana se manifesta de formas distintas em cada uma dessas esferas.

O tom é expositivo e comparativo, com atenção constante às causas e consequências entre os eventos. Referências a Paul Johnson, Barbara Tuchman, Max Weber e outros historiadores orientam as leituras complementares para quem quiser aprofundar o estudo.",5,2,https://www.youtube.com/embed/JyKphLsZ2xY,"Estudantes e autodidatas que querem entender o Renascimento além do recorte artístico.
Leitores de história que sentem lacunas na compreensão da transição entre Idade Média e Modernidade.
Professores do ensino médio que buscam uma visão integrada do período para suas aulas.
Brasileiros curiosos sobre as raízes históricas da colonização e da formação do país.","Identificar as cinco dimensões do Renascimento: política, econômica, religiosa, científica e artística.
Compreender por que o século XIV foi o ponto de ebulição que tornou o Renascimento possível.
Distinguir o humanismo renascentista da antropologia cristã medieval a partir da frase de Protágoras.
Explicar a ascensão do absolutismo e as teorias de Maquiavel, Bodin e Hobbes que o fundamentaram.
Relacionar o mercantilismo, as grandes navegações e a colonização do Brasil como fenômenos interligados.
Analisar como a Reforma Protestante libertou a burguesia das restrições econômicas da Igreja Católica.
Conectar a tese de Max Weber sobre ética protestante e capitalismo ao desenvolvimento das potências europeias.
Situar a Contrarreforma e a ação jesuítica no contexto mais amplo das disputas religiosas e territoriais do período.
Reconhecer obras e artistas — Da Vinci, Michelangelo, Rafael, Brunelleschi — dentro das dinâmicas de mecenato que os produziram.","Boa parte do que tomamos como ""dado"" no mundo contemporâneo — o Estado como detentor do monopólio da força, a separação entre esfera pública e religiosa, a lógica do mercado, o individualismo como valor — tem raízes diretas no período renascentista. Entender esse processo não é exercício de erudição: é ganhar vocabulário para ler o presente.

Para o brasileiro, a conexão é ainda mais direta. O mercantilismo, o Tratado de Tordesilhas, a empresa colonial portuguesa e a ação dos jesuítas não são episódios distantes — são a origem de estruturas que ainda organizam aspectos da vida religiosa, jurídica e econômica do país. Este curso oferece esse fio condutor, tornando visível a lógica que une fatos aparentemente dispersos em uma narrativa coerente.","Aula 1 — O que foi o Renascimento: origens, alcance e periodização
Aula 2 — A transformação artística e o novo papel do intelectual
Aula 3 — O absolutismo e a nova configuração política
Aula 4 — Mercantilismo, grandes navegações e o germe do capitalismo
Aula 5 — Reforma Protestante, Contrarreforma e o fim do manto da cristandade","Apresenta o Renascimento como fenômeno multidimensional — político, econômico, religioso, científico e artístico — e discute suas origens no renascimento comercial e urbano do século XIV, a partir das repúblicas italianas.
Examina como a literatura de Dante, Petrarca e Boccaccio redirecionou o olhar para o homem e seu cotidiano, e como os ateliês de artistas começaram a rivalizar com as universidades como centros de formação.
Analisa a ascensão das monarquias absolutas após a Guerra dos Cem Anos e apresenta as teorias de Maquiavel, Bodin e Hobbes como fundamentos intelectuais do poder centralizado no rei.
Explica a lógica mercantilista — balança comercial favorável, protecionismo e acúmulo de metais preciosos — e mostra como ela impulsionou as grandes navegações e criou as condições para o surgimento da burguesia como força histórica.
Percorre as causas da Reforma a partir dos papas do Renascimento, a ruptura de Lutero e Calvino, a relação entre protestantismo e desenvolvimento econômico segundo Max Weber, e a resposta católica pelo Concílio de Trento e pela ação jesuítica nas Américas.",Curso Avulso,Acesso completo a este curso,,,https://hotmart.com/em-breve,"Acesso ao curso completo por 1 ano
5 aulas em vídeo, totalizando 2h
Material de apoio e bibliografia indicada
Certificado digital de conclusão",,,,,https://hotmart.com/em-breve,renascimento,"Todos os cursos listados acima, com acesso por 1 ano
Material de apoio e certificado de todos os cursos",,false,false,09_Renascimento.resposta.md,# Renascimento
virtudes-fundamentais,As Virtudes Fundamentais,mauro-keller,Filosofia e Formação do Juízo,/images/cursos/virtudes-fundamentais.webp,"A tradição clássica sobre prudência, justiça, fortaleza e temperança explicada com rigor e clareza.","Desde Platão e Aristóteles até Santo Tomás de Aquino e Josef Pieper, a tradição central da filosofia moral ocidental organiza a vida ética em torno de quatro virtudes fundamentais — chamadas cardeais porque funcionam como eixos em torno dos quais todo o comportamento humano se orienta. Este curso percorre essa tradição de ponta a ponta, sem saltar as dificuldades e sem simplificar o que não é simples.

Mauro Keller aborda o tema com a perspectiva de quem une formação filosófica e experiência jurídica: o direito romano, a jurisprudência, os absolutos morais, a diferença entre prudência e técnica, e a doutrina da conexão das virtudes aparecem não como curiosidades acadêmicas, mas como instrumentos para compreender decisões reais. A voz do curso é aristotélica no método — pé no chão, atenta às circunstâncias, desconfiada de regras prontas — e tomista na profundidade com que cada conceito é desenvolvido.

Você não encontrará aqui receitas de comportamento nem listas de atitudes a cultivar. Encontrará, em vez disso, a compreensão do que é uma virtude, por que ela difere de um temperamento ou de uma técnica, como prudência e virtude moral se condicionam mutuamente e por que isso importa para quem educa, governa, julga ou simplesmente quer viver com mais coerência.",6,6,https://www.youtube.com/embed/JyKphLsZ2xY,"Leitores de filosofia que querem ir além dos manuais introdutórios de ética
Pais e educadores que buscam fundamentos sólidos para a formação moral de crianças e adolescentes
Profissionais do direito interessados nas raízes filosóficas da jurisprudência e da prudência política
Pessoas que já ouviram falar em virtudes cardeais e querem entender o que essa tradição realmente diz","Definir virtude como hábito operativo bom e distingui-la de temperamento e de incontinência
Compreender por que a prudência é considerada a mãe de todas as virtudes morais
Distinguir prudência de técnica, de ciência e dos primeiros princípios práticos da sindérese
Explicar a doutrina da conexão das virtudes e o aparente paradoxo que ela encerra
Identificar as partes integrantes da prudência: memória, docilidade, solércia, providência, circunspecção e cautela
Diferenciar as três formas de justiça — comutativa, distributiva e legal — e seus vícios opostos
Reconhecer as manifestações da fortaleza no campo do ataque e no campo da resistência
Compreender a temperança como virtude do equilíbrio, não da supressão do prazer
Relacionar a intemperança com a formação de falsas consciências coletivas ao longo da história
Situar autores como Aristóteles, Santo Tomás, Pieper, Hildebrandt e MacIntyre dentro da tradição das virtudes","As decisões que moldam uma vida — como educar um filho, até onde resistir numa situação difícil, o que fazer quando a lei não resolve — não se resolvem por regras gerais. Resolvem-se pelo caráter de quem decide. Entender as virtudes fundamentais é entender como esse caráter se forma, o que o sustenta e por que ele pode deteriorar-se.

Para quem tem responsabilidades sobre outros — pais, professores, juízes, gestores — essa formação é ainda mais urgente. A tradição clássica não oferece um manual, mas oferece algo mais valioso: uma linguagem precisa para nomear o que está em jogo em cada escolha e uma compreensão do tipo de pessoa que precisamos nos tornar para escolher bem.","Aula 1 — Introdução: o que é uma virtude
Aula 2 — A prudência I: natureza e primazia
Aula 3 — A prudência II: mecanismo e partes
Aula 4 — A justiça
Aula 5 — A fortaleza
Aula 6 — A temperança","Apresenta o conceito de virtude como hábito operativo bom, distingue potências unidirecionais e pluridirecionais, e introduz o esquema das quatro virtudes cardeais a partir da estrutura das faculdades humanas.
Examina o caráter ambivalente da prudência como virtude intelectual e moral, seu papel de fixar o meio-termo das demais virtudes e a figura do frônimos aristotélico como padrão da decisão ética.
Distingue prudência de técnica e de razão especulativa, desenvolve a doutrina da conexão das virtudes, o salto fronético de Ricœur e as partes integrantes da prudência segundo Santo Tomás: memória, docilidade, solércia, providência, circunspecção e cautela.
Define a justiça como virtude da vontade, apresenta a fórmula ulpiana do Digesto, distingue justiça comutativa, distributiva e legal e discute os limites da justiça estrita frente à amabilidade, à gratidão e ao amor.
Percorre as manifestações da fortaleza no campo do ataque — coragem, laboriosidade, magnanimidade, ira justa — e no campo da resistência — paciência, perseverança, fidelidade —, com atenção especial à dependência da fortaleza em relação à prudência e à justiça.
Trata da temperança como virtude do equilíbrio no apetite concupiscível, abordando castidade, sobriedade, austeridade e humildade, e mostra como a intemperança está na raiz de falsas consciências coletivas como a escravidão moderna e o abortismo.",Curso Avulso,Acesso completo a este curso,,,https://hotmart.com/em-breve,"Acesso ao curso completo por 1 ano
6 aulas em vídeo, totalizando 6h
Material de apoio e bibliografia indicada pelo professor
Certificado digital de conclusão",,,,,https://hotmart.com/em-breve,"virtudes-fundamentais
virtudes-fundamentais
virtudes-fundamentais","Todos os cursos listados acima, com acesso por 1 ano
Material de apoio e certificado de todos os cursos",,false,false,10_VirtudesFundamentais.resposta.md,# As Virtudes Fundamentais
tecnica-ciencia-religiao,"Técnica, Ciência e Religião: Uma Nova Introdução ao Pensamento Grego",fabio-florencio-de-barros,Filosofia e Formação do Juízo,/images/cursos/tecnica-ciencia-religiao.webp,"O que os gregos descobriram sobre técnica, ciência e religião que nós esquecemos.","A modernidade herdou uma imagem fragmentada do saber: a religião confinada ao sentimento, a ciência ao laboratório especializado, a técnica ao trabalho repetitivo. Esse fracionamento — diagnosticado por Max Weber como a ""autonomia das esferas culturais de valor"" — é tratado como inevitável. Este curso propõe um distanciamento crítico dessa visão, mostrando que o pensamento grego, em seus maiores expoentes, não conhecia essa ruptura.

Da cosmologia dos primeiros filósofos jônios ao sistema de Aristóteles, passando pela medicina hipocrática, pela dialética socrático-platônica e pela prova do Primeiro Motor Imóvel, o curso traça um percurso em que técnica, ciência e religião se articulam em uma visão coerente e ascendente da realidade. O professor Fábio Florencio de Barros conduz essa jornada com rigor filosófico e atenção permanente às implicações práticas dessas ideias para a vida contemporânea.

A perspectiva adotada é aristotélica em sua orientação mais profunda: o conhecimento não é um fim burocrático, mas a atividade mais própria do ser humano — aquela pela qual ele mais se aproxima do divino. Ao recuperar esse ideal, o curso não propõe uma volta ao passado, mas oferece instrumentos conceituais para pensar o presente com maior lucidez.",28,14,https://www.youtube.com/embed/JyKphLsZ2xY,"Leitores iniciantes de Platão e Aristóteles que desejam uma preparação conceitual sólida
Adultos com formação universitária que sentem lacunas na compreensão da filosofia antiga
Professores de filosofia ou humanidades que buscam aprofundar o tratamento dos pré-socráticos
Pessoas insatisfeitas com a especialização excessiva e interessadas em uma visão integrada do saber
Quem quer entender por que ciência, técnica e religião parecem mundos incomunicáveis hoje","Distinguir ocasião e causa no surgimento de fenômenos culturais, superando o reducionismo materialista
Identificar as condições históricas, religiosas e sociais que tornaram possível a filosofia grega
Compreender as noções de objetividade, inteligibilidade e explicabilidade como universais humanos
Analisar o legalismo da religião grega e sua relação paradoxal com a liberdade intelectual
Reconstruir o pensamento dos principais pré-socráticos — Tales, Anaximandro, Heráclito, Parmênides, Anaxágoras, Empédocles — em seus contextos próprios
Explicar a contribuição da medicina hipocrática para o vocabulário filosófico de Platão e Aristóteles
Descrever o procedimento dialético socrático-platônico e sua função pedagógica
Contrastar a noção grega de ciência com a concepção moderna de pesquisa hipotético-experimental
Expor o argumento aristotélico do Primeiro Motor Imóvel e sua dimensão afetiva e contemplativa
Articular técnica, ciência e religião como dimensões integradas da vida humana segundo Aristóteles","A sensação de que o trabalho não faz sentido, de que a ciência não dialoga com a fé, de que a cultura técnica empobrece em vez de elevar — tudo isso tem raízes filosóficas identificáveis. Não se trata de nostalgia pelo passado grego, mas de perceber que determinadas divisões que hoje aceitamos como naturais são, na verdade, escolhas históricas com custos altíssimos para a vida das pessoas.

Este curso oferece os conceitos para nomear esse problema e, ao mesmo tempo, para vislumbrar alternativas. Quem aprende a pensar como os gregos pensaram a relação entre fazer, conhecer e adorar passa a dispor de um vocabulário mais preciso para avaliar decisões concretas: como educar, que profissão escolher, por que estudar além do útil imediato, e em que sentido o conhecimento pode ser também uma forma de vida.","Aula 1 — Introdução: o preconceito positivista e os objetivos do curso
Aula 2 — Contexto histórico e social do surgimento da filosofia grega
Aula 3 — O legalismo na religião grega e o oráculo de Delfos
Aula 4 — Os cosmólogos jônios: Tales, Anaximandro e Anaximenes
Aula 5 — O orfismo e a alma imortal
Aula 6 — O pitagorismo: ciência, música e purificação da alma
Aula 7 — Heráclito e o Logos universal
Aula 8 — A medicina hipocrática: técnica, physis e vocação
Aula 9 — Conceitos hipocráticos: dynamis, catástase, necessidade e acaso
Aula 10 — Parmênides e o nascimento da lógica
Aula 11 — Anaxágoras: o nous, o infinitamente pequeno e a vida contemplativa
Aula 12 — Empédocles: as quatro raízes, amor, discórdia e o xamanismo grego
Aula 13 — Physis e nomos: natureza e convenção no debate sofístico
Aula 14 — Sócrates e os argumentos entrépticos
Aula 15 — Platão: Antígona, Crítias e a busca da lei não escrita
Aula 16 — A dialética platônica: procedimento e função pedagógica
Aula 17 — A dialética platônica: aporia, exigência essencial e papel do tentador
Aula 18 — A transposição da retórica no Fedro
Aula 19 — A transposição do orfismo e o mito no discurso filosófico
Aula 20 — A noção platônica de ciência e o contraste com a ciência moderna
Aula 21 — O Demiurgo, a alma do mundo e a analogia entre arte e natureza
Aula 22 — A religião de Platão: politeísmo, vícios e purificação da mitologia
Aula 23 — Aristóteles e a filosofia primeira como fundamento das ciências
Aula 24 — O início da Metafísica: da sensação à arte
Aula 25 — A noção aristotélica de ciência e o conhecimento pelas causas
Aula 26 — O Primeiro Motor Imóvel: prova e dimensão afetiva
Aula 27 — Aristóteles diante da religião e a teoria das doze camadas da personalidade
Aula 28 — Balanço final: a coruja de Minerva e a integração de técnica, ciência e religião","Apresenta o diagnóstico weberiano da modernidade e o projeto do curso: usar o pensamento grego para relativizar a separação estanque entre técnica, ciência e religião.
Examina as condições econômicas, políticas e religiosas da Grécia antiga como ocasião — não causa — do florescimento filosófico, distinguindo os dois conceitos.
Descreve o legalismo como conjunto de deveres rituais que paradoxalmente garantia liberdade doutrinal, com destaque para a função moral e política do oráculo de Delfos.
Analisa as primeiras respostas filosóficas à pergunta pela archê da realidade, mostrando como elas superam os relatos míticos pelo critério de inteligibilidade racional.
Apresenta a religiosidade órfica — metempsicose, purificação e distinção corpo-alma — como pano de fundo espiritual que alimentará o pensamento platônico posterior.
Examina a seita pitagórica como racionalização do orfismo, com ênfase na numerologia, na relação mestre-discípulo e nos Versos de Ouro como programa de vida.
Estuda os fragmentos de Heráclito a partir da noção central de Logos como razão que governa o fluir dos contrários, tornando a discórdia expressão de uma harmonia profunda.
Descreve o surgimento da medicina como técnica racional baseada na physis, seu método diagnóstico pelos sentidos e o ideal de filantropia como vocação médica.
Aprofunda os conceitos médicos de potência, configuração temporal, necessidade e tiqué, mostrando como eles migrarão para a filosofia de Platão e Aristóteles.
Examina a contribuição de Parmênides ao formular explicitamente as exigências lógicas do pensamento — o ente é, do nada nada se faz — e sua aplicação a debates cosmológicos contemporâneos.
Analisa a postulação do nous como inteligência ordenadora do cosmos, a teoria dos pontos qualitativos e o modelo de vida contemplativa encarnado por Anaxágoras.
Estuda as quatro raízes, as forças cósmicas de amor e discórdia e a dimensão xamânica de Empédocles, situado como último representante de uma sabedoria antiga em declínio.
Apresenta a contraposição entre natureza e lei por meio de Heródoto, Antifonte e Calicles, mostrando como o direito do mais forte emerge como consequência radical do relativismo sofístico.
Analisa a resposta socrática ao problema physis-nomos por meio dos argumentos entrépticos — que fazem o interlocutor envergonhar-se de suas teses — e a crítica à alma tirânica.
Examina como Sófocles e Crítias representam posturas opostas sobre nomos e physis, e como Platão integra essas intuições em um projeto de fundamentação racional da lei moral.
Descreve a dialética como ascensão dirigida rumo à ideia do bem, com base nos estudos de Victor Goldschmidt e no exemplo do diálogo Laques sobre a coragem.
Aprofunda os mecanismos dialéticos — aporia, exigências essenciais, papel de tentador — mostrando como o erro tem função pedagógica decisiva nos diálogos de Platão.
Examina como Platão, no Fedro, purifica a retórica sofística ancorada-a na busca do bem e do belo, tornando-a expressão do amor filosófico em vez de instrumento de adulação.
Mostra como Platão incorpora crenças órficas — imortalidade da alma, purificação, destino pós-morte — ao discurso racional, com destaque para o papel dos mitos no Górgias.
Contrasta a concepção platônica de ciência como conhecimento permanente das essências com o modelo hipotético-refutável de Popper, situando a crise da especialização contemporânea.
Estuda a figura platônica do demiurgo como artesão divino, a noção de alma do mundo no Timeu e a afirmação aristotélica de que a arte imita a natureza.
Analisa a crítica platônica à mitologia oficial — deuses que justificam vícios humanos — e o esforço de purificação da concepção do divino em A República e nas Leis.
Apresenta a metafísica aristotélica como chave da abóbada do edifício científico, com exemplos sobre as noções de substância, acidente, quantidade e vácuo relativo.
Comenta as primeiras linhas da Metafísica de Aristóteles, mostrando a ascensão do pensamento desde a sensação e a memória até a experiência e o hábito da arte ou técnica.
Distingue experiência e ciência em Aristóteles — quem conhece as causas pode ensinar, quem só tem experiência dá dicas — e discute a vocação científica como busca do saber por si mesmo.
Expõe a prova aristotélica da existência de Deus a partir do movimento, destacando que o Motor Imóvel move por ser amado e que a contemplação é a atividade que o homem compartilha com Deus.
Examina a concepção aristótelica do sábio como alguém que se aproxima de Deus pelo intelecto, articulada com a teoria das doze camadas da personalidade de Olavo de Carvalho.
Conclui o curso mostrando como a obra de Aristóteles representa a síntese do pensamento grego e por que resgatar essa integração é urgente para a crise de sentido da modernidade.",Curso Avulso,Acesso completo a este curso,,,https://hotmart.com/em-breve,"Acesso ao curso completo por 1 ano
28 aulas em vídeo, totalizando 14h de conteúdo
Material de apoio e bibliografia indicada pelo professor
Certificado digital de conclusão",,,,,https://hotmart.com/em-breve,tecnica-ciencia-religiao,"Todos os cursos listados acima, com acesso por 1 ano
Material de apoio e certificado de todos os cursos inclusos",,false,false,11_TecnicaCienciaReligiao.resposta.md,"# Técnica, Ciência e Religião: Uma Nova Introdução ao Pensamento Grego"
historia-das-mentalidades,História das Mentalidades,Evandro Faustino,História e Política,/images/cursos/historia-das-mentalidades.webp,Uma forma de fazer história que revela como os povos realmente pensavam e sentiam o mundo.,"A história que se aprende na escola é quase sempre uma sequência de datas, guerras e decisões políticas — um esqueleto útil, mas que pouco diz sobre como as pessoas de cada época viam a si mesmas, organizavam o cosmos, amavam e temiam. Este curso propõe outro caminho: estudar as mentalidades, isto é, aquele conjunto de crenças, imagens e disposições que todos os membros de uma sociedade partilham, muitas vezes sem o perceber.

O professor guia o aluno por um arco que vai do Egito antigo até o século XX, passando pelos mitos gregos, pela catedral gótica, pela Divina Comédia, pelo humanismo renascentista, pelas navegações ibéricas, pelo romantismo e pela mentalidade brasileira expressa em gravuras coloniais e em música caipira. Em cada escala, o mesmo método: ler uma obra de arte, uma lenda ou um costume popular como documento histórico — porque a arte diz o que os registros políticos calam.

A abordagem é explicitamente analógica e interpretativa. O professor assume, com clareza, que a história é mais arte do que ciência, e que a imprecisão poética de um vitral medieval revela a alma de uma época com uma exatidão que nenhuma cronologia consegue igualar. O curso é rigoroso, mas não acadêmico no sentido fechado da palavra: é pensado para quem quer entender o passado a partir de dentro.",30,15,https://www.youtube.com/embed/JyKphLsZ2xY,"Estudantes e professores de história que querem ir além da narrativa político-factual.
Leitores curiosos que já se perguntaram por que a Divina Comédia ou as catedrais góticas existem.
Pais e educadores que buscam apresentar a história de forma viva e culturalmente enraizada.
Brasileiros interessados em compreender de onde vêm os costumes, a religiosidade e o modo de ser do povo.
Pessoas que gostam de arte, mito e literatura e querem entender o contexto mental que os produziu.","Distinguir a história das mentalidades da história política e explicar por que as duas se complementam.
Ler obras de arte, lendas e costumes populares como fontes históricas primárias.
Identificar o pensamento analógico medieval e reconhecê-lo em arquitetura, literatura e devoção popular.
Narrar e interpretar o mito de origem egípcio e extrair dele traços da cosmovisão faraônica.
Analisar os mitos de Teseu e Édipo como espelhos da mentalidade grega sobre herói, destino e cidade.
Descrever as três fases do gótico e interpretar o simbolismo estrutural da catedral medieval.
Explicar o imaginário medieval através da Divina Comédia, incluindo a hierarquia dos pecados e a geografia do além.
Caracterizar o humanismo renascentista e ler um quadro de Botticelli como alegoria filosófica em camadas.
Compreender a motivação religiosa e épica das Grandes Navegações a partir da Mensagem de Fernando Pessoa.
Reconhecer traços da mentalidade brasileira na música caipira, nas gravuras de Debret e na religiosidade popular.","Compreender como as pessoas de outras épocas organizavam o mundo — o que consideravam sagrado, justo, belo ou ameaçador — não é um exercício de erudição. É uma forma de entender por que certas instituições, costumes e formas de sentir persistem até hoje, muitas vezes sem que seus herdeiros saibam de onde vêm.

O brasileiro que estranha a devoção às promessas, o caipira que ""curte a tristeza"" nas modas, o estudante que não entende por que a catedral de Chartres foi construída ao longo de dois séculos — todos estão diante de questões de mentalidade. Este curso oferece instrumentos para ler esses sinais: não para julgar o passado pelos padrões do presente, mas para ampliar o ângulo pelo qual se vê o próprio tempo em que se vive.","Aula 1 — O que é História das Mentalidades
Aula 2 — Mitos e Lendas como Fontes das Mentalidades
Aula 3 — Pensamento Analógico das Mentalidades
Aula 4.1 — Mito de Origem do Antigo Egito (parte 1)
Aula 4.2 — Mito de Origem do Antigo Egito (parte 2)
Aula 4.3 — Mito de Origem do Antigo Egito (parte 3)
Aula 5.1 — Mito de Teseu (parte 1)
Aula 5.2 — Mito de Teseu (parte 2)
Aula 5.3 — Mito de Teseu (parte 3)
Aula 8.1 — Mentalidade Medieval: Legenda Áurea (parte 1)
Aula 8.2 — Mentalidade Medieval: Legenda Áurea (parte 2)
Aula 8.3 — Mentalidade Medieval: Legenda Áurea (parte 3)
Aula 10.1 — O Imaginário Medieval na Divina Comédia (parte 1)
Aula 10.2 — O Imaginário Medieval na Divina Comédia (parte 2)
Aula 10.3 — O Imaginário Medieval na Divina Comédia (parte 3)
Aula 12.1 — O Gótico: Escolástica de Pedra e de Luz (parte 1)
Aula 12.2 — O Gótico: Escolástica de Pedra e de Luz (parte 2)
Aula 12.3 — O Gótico: Escolástica de Pedra e de Luz (parte 3)
Aula 12.4 — O Gótico: Escolástica de Pedra e de Luz (parte 4)
Aula 12.5 — O Gótico: Escolástica de Pedra e de Luz (parte 5)
Aula 12.6 — O Gótico: Escolástica de Pedra e de Luz (parte 6)
Aula 15.1 — A Mentalidade do Renascimento (parte 1)
Aula 15.2 — A Mentalidade do Renascimento (parte 2)
Aula 15.3 — A Mentalidade do Renascimento (parte 3)
Aula 16.1 — Grandes Navegações e Mentalidade Ibérica (parte 1)
Aula 16.2 — Grandes Navegações e Fernando Pessoa (parte 2)
Aula 16.3 — Mentalidade Ibérica: Semeador e Ladrilhador (parte 3)
Aula 17.1 — Mentalidade do Romantismo (parte 1)
Aula 17.2 — Mentalidade do Romantismo (parte 2)
Aula 17.3 — Mentalidade do Romantismo (parte 3)
Aula 17.4 — Mentalidade do Romantismo (parte 4)","Apresenta o campo como alternativa à história positivista, discute a história como arte e introduz o conceito de 'resíduo psicológico estável' de Debye e o 'não sei o quê' de Jacques Le Goff.
Defende o mito como fonte privilegiada da história das mentalidades e contrapõe o pensamento analógico ao raciocínio lógico-linear, com exemplos medievais e populares.
Aprofunda o pensamento analógico com exemplos de São Tomás Aquino, São Bernardo de Claraval e Dante, e discute a ausência de fronteira entre matéria e espírito no universo medieval.
Narra a cosmogonia egípcia: o ovo primordial, Rá, a tríade Nut-Geb-Shu e a astúcia de Ísis para arrancar o nome secreto do avô, fundando o poder divino no Egito.
Continua o mito: Osíris e Ísis descem à terra, ensinam agricultura e tecelagem aos homens, e Set arma a cilada do sarcófago para destruir o irmão.
Conclui o mito com a viagem de Ísis pela Fenícia, o resgate do sarcófago, a ressurreição parcial de Osíris, o nascimento de Hórus e a fundação do faraonato como teocracia.
Narra a origem de Teseu em Trezena, sua educação com o centauro Quíron, a descoberta da espada paterna e o percurso terrestre até Atenas derrotando seis monstros.
Conta a história do Minotauro — a ira de Posídon, o labirinto de Dédalo, a missão de Teseu em Creta, o auxílio de Ariadne e o regresso trágico que causa a morte do rei Egeu.
Interpreta o mito à luz da mentalidade grega: o papel do herói, a sacralidade do rei, os deuses territoriais, a família como unidade religiosa e o politeísmo como universo de negociações constantes.
Apresenta a Legenda Áurea como fonte historiográfica e comenta dois contos — o devedor de São Nicolau e o peregrino de Santo André — mostrando a porosidade medieval entre céu e terra.
Analisa os contos de São Félix, Cromácio e São Sebastião, e o caso da esmola de Pedro, explorando a intervenção divina como dado ordinário da vida medieval.
Narra a lenda do Frei Ave Maria e comenta o Milagre de Calanda, documentado por Vittorio Messori, como exemplos da devoção popular que antecede e alimenta a teologia oficial.
Introduz Dante Alighieri, a história de amor com Beatriz e a estrutura cosmológica da obra; narra o ingresso no Inferno, os indiferentes e os círculos da luxúria, gula, avareza e ira.
Percorre os círculos inferiores do Inferno — hereges, violentos, fraudulentos e traidores — e discute o critério medieval de gravidade dos pecados, confrontando-o com o critério contemporâneo.
Narra o Purgatório e o Paraíso, a aparição de Beatriz como símbolo da Sabedoria, a referência ao Cruzeiro do Sul e a oração final de São Bernardo, concluindo a visão dantesca do cosmos medieval.
Apresenta a origem do nome 'gótico', situa o estilo na sequência egípcio-grego-romano-românico e explica as três inovações estruturais — arco cruzado, arco-botante e ogiva — como busca da luz.
Descreve as três fases do gótico — primitivo, radiante e flamejante — comparando rosáceas, ogivas, colunas em feixe e estátuas, e discute o risco estético do excesso no gótico flamejante.
Interpreta o simbolismo geral da catedral: planta em cruz latina, proporção áurea de Notre-Dame, Galeria dos Reis, o Juízo Final na fachada, a cripta e a hierarquia das partes arquitetônicas.
Comenta as gárgulas, o labirinto penitencial, o Caminho de Santiago, a pia batismal na entrada, os sinos e seus toques litúrgicos, e encerra com a lenda da catedral de Ulm.
Analisa o vitral como teologia para analfabetos, símbolo da humildade, símbolo mariano e fonte histórica das profissões medievais; interpreta a rosácea como imagem da sociedade convergindo para Cristo.
Lê as colunas góticas em feixe da Igreja da Imaculada Conceição de Madri como metáfora da educação e da santidade, concluindo o ciclo sobre o simbolismo gótico.
Caracteriza o humanismo renascentista: visão laical e antropocêntrica, a virtù, o amor ao corpo humano, a admiração pela Antiguidade e o código de obras em múltiplas camadas de sentido.
Introduz A Primavera de Botticelli e o método interpretativo de Edgar Wind, identificando os dois tipos de amor cego — carnal e contemplativo — e as figuras de Flora, Clóris e Zéfiro.
Conclui a leitura de A Primavera com a análise das Três Graças, de Mercúrio e do movimento circular oculto no quadro, revelando a tese humanista sobre o amor que desce e retorna ao transcendente.
Refuta a tese marxista da motivação exclusivamente econômica das navegações, citando Colombo, Caminha, D. João III, Sérgio Buarque de Holanda e Janice Teodoro.
Analisa o livro Mensagem de Fernando Pessoa: a epígrafe, as cinco condições do leitor simbólico, a imagem da Europa com rosto de Portugal e os poemas Mar Português e Monstrengo.
Comenta o capítulo 'O Semeador e o Ladrilhador' de Sérgio Buarque de Holanda, contrapondo a mentalidade portuguesa à espanhola a partir das categorias de Dom Quixote e Sancho Pança.
Define o romantismo como filosofia da modernidade, distingue-o do classicismo, caracteriza o artista como 'bardo inspirado' e contrasta o minueto com a valsa como emblemas das duas mentalidades.
Apresenta o Fausto de Goethe como arquétipo da modernidade, a partir de Marshall Berman, e narra a primeira parte da peça: o trato com Mefistófeles e o encontro com Gretchen.
Conclui a análise do Fausto — a queda de Gretchen, a destruição dos velhinhos, os dois finais possíveis — e conecta a tentação da modernidade ao êxodo rural brasileiro e ao filme Bye Bye Brasil.
Retoma a lógica da droga e da modernidade como promessa de excitação infinita, e discute o aumento dos suicídios, a montanha-russa como metáfora e Orfeu Estático na Metrópole de Nicolau Sevcenko.",Curso Avulso,Acesso completo a este curso,,,https://hotmart.com/em-breve,"Acesso ao curso completo por 1 ano
30 aulas em vídeo, totalizando 15h de conteúdo
Material de apoio e bibliografia indicada pelo professor
Certificado digital de conclusão",,,,,https://hotmart.com/em-breve,historia-das-mentalidades,"Todos os cursos listados acima, com acesso por 1 ano
Material de apoio e certificado de todos os cursos inclusos",,false,false,12_HistoriaMentalidades.resposta.md,# História das Mentalidades
arte-de-falar-bem,A Arte de Falar Bem,fabio-blanco,Filosofia e Formação do Juízo,/images/cursos/arte-de-falar-bem.webp,"Oratória como formação do pensamento, não como coleção de truques para falar em público.","Falar bem em público é menos uma habilidade técnica do que o resultado de um longo trabalho sobre si mesmo — sobre o pensamento, o corpo e o caráter. É a partir dessa convicção que Fábio Blanco conduz este curso: antes de ensinar o que fazer com as mãos ou como impor a voz, ele mostra por que a oratória começa no modo como se organiza e se estrutura uma ideia.

A perspectiva do professor é prática e direta, mas não superficial. Inspirado na tradição clássica — de Quintiliano à noção de que o discurso é um ""contato entre almas"" — Blanco entende que o bom orador não é quem imita os grandes palestrantes, mas quem aprende a potencializar aquilo que já é. Por isso, o curso trata com igual seriedade a estruturação lógica do discurso, o uso consciente da linguagem não verbal e a superação dos vícios internos que travam a expressão.

O tom é de aula presencial: direto, com exemplos tirados de mais de uma década de sala de aula, sem simplificações enganosas nem promessas de transformação rápida. Você vai entender como funciona a dinâmica da oratória — e então treinar, porque só o treino transforma conhecimento em capacidade real.",26,3,https://www.youtube.com/embed/JyKphLsZ2xY,"Profissionais que dirigem reuniões e sentem que não conseguem manter a atenção do grupo.
Estudantes e recém-formados que precisam apresentar trabalhos e travam diante do público.
Pessoas introvertidas que querem desenvolver expressão sem abandonar a própria personalidade.
Quem já leu dicas de oratória mas percebeu que dicas sozinhas não resolvem o problema.
Professores e formadores que querem tornar suas exposições mais claras e mais vivas.","Distinguir oratória como técnica de oratória como formação e desenvolvimento pessoal.
Estruturar um discurso segundo a lógica problema–verdade–solução.
Organizar ideias em sequência coerente para evitar brancos e repetições desnecessárias.
Usar pausas e variações de ritmo como recursos deliberados de comunicação.
Identificar e neutralizar vícios de fala como o uso excessivo de palavras de apoio.
Aplicar ênfase vocal para destacar os pontos centrais e orientar a atenção do público.
Usar linguagem não verbal — gestos, postura, contato visual — como suporte ao conteúdo.
Comunicar ideias concretas em vez de palavras abstratas, tornando o discurso visualizável.
Calibrar o uso de recursos visuais sem deixar que eles substituam o orador.
Conquistar o público desde as primeiras frases e manter sua atenção até o fim.","Quase todo adulto vai se deparar, em algum momento, com a necessidade de sustentar um argumento diante de outras pessoas — numa reunião, numa defesa, numa conversa difícil com alguém que precisa ser convencido. A maioria chega a esse momento sem ter desenvolvido a capacidade, porque nunca foi treinada para isso.

O que este curso oferece não é uma série de truques para parecer mais confiante. É uma compreensão de como o pensamento se organiza para ser transmitido — e de por que o corpo, a voz e o olhar participam desse processo tanto quanto as palavras. Quem entende isso passa a falar de modo mais claro não apenas em público, mas em qualquer situação que exija expor uma ideia com precisão e convicção.","Aula 0 — Apresentação do curso
Aula 1 — Oratória é desenvolvimento, não receita
Aula 2 — O orador como pessoa: autenticidade e personalidade
Aula 3 — Naturalidade é conquista, não espontaneidade
Aula 4 — Falar em público não é defeito: libertando-se da culpa
Aula 5 — O inimigo do desenvolvimento: o perfeccionismo
Aula 6 — Falar bem é falar simples
Aula 7 — Firmeza não é arrogância: a postura do orador
Aula 8 — Conquiste o público nos primeiros minutos
Aula 9 — Improviso exige estudo: a liberdade que vem do conhecimento
Aula 10 — Comunique ideias, não palavras
Aula 11 — O orador como intérprete: dando alma às palavras
Aula 12 — Introvertidos e extrovertidos: identificando seu tipo e trabalhando sua dificuldade
Aula 13 — Não existe obviedade: entregue tudo mastigado
Aula 14 — O poder das pausas
Aula 15 — Ênfase vocal: como fazer o público guardar o que importa
Aula 16 — O mito dos 55%: o papel real da linguagem não verbal
Aula 17 — Mãos, postura e olhar: o corpo que fala
Aula 18 — O contato visual como ancoragem do pensamento
Aula 19 — Repetição é recurso, não vício
Aula 20 — A estruturação das ideias: do novelo ao discurso
Aula 21 — Materializar o abstrato: faça o público ver o que você fala
Aula 22 — O projetor não é o orador
Aula 23 — Estrutura em três atos: problema, verdade e solução
Aula 24 — Oratória como formação: Quintiliano e a tradição clássica
Aula 25 — Energia: arremesse as palavras","Introdução ao curso e à perspectiva do professor: oratória como formação integral, não apenas como conjunto de dicas técnicas.
Por que dicas isoladas não bastam e como a oratória exige a criação de automatismos corporais e de raciocínio por meio de treino contínuo.
A diferença entre imitar grandes oradores e potencializar a própria personalidade; o discurso como contato entre almas, na perspectiva de Cain Pierman.
Como os vícios internos — como o uso excessivo do 'né' — travam a expressão natural e como neutralizá-los por associação e treino consciente.
Por que a dificuldade de falar em público não é uma falha pessoal, e como a culpa funciona como obstáculo ao desenvolvimento; a analogia com aprender um idioma.
Como a busca pela fala perfeita impede o aluno de arriscar, experimentar e evoluir; por que oratória não é texto e não admite ensaios infinitos.
A diferença entre vocabulário pomposo e comunicação eficaz; por que a simplicidade libera o raciocínio e facilita a compreensão do público.
Por que a humildade excessiva transmite fraqueza, e como falar com firmeza e confiança é requisito para conduzir o público, não sinal de arrogância.
A importância das primeiras impressões na oratória e a estratégia de preparar e decorar as frases iniciais para garantir uma entrada segura.
A analogia com o músico de jazz: improvisar bem é resultado de muito treino e domínio de regras, não de abandono delas.
Por que focar nas palavras trava o discurso e como usar palavras-chave como mapa para conduzir a transmissão das ideias com mais fidelidade.
Como cada palavra e ideia exigem uma interpretação própria de voz, rosto e corpo — e por que a monotonia é o principal inimigo do engajamento do público.
Como introvertidos e extrovertidos reagem de forma oposta à estruturação do discurso, e o trabalho específico que cada perfil precisa fazer.
Por que saltar etapas lógicas que parecem óbvias ao orador faz o público se perder, e como conduzir o raciocínio passo a passo sem tratar o público como inferior.
Como o silêncio funciona como recurso de ritmo, criação de expectativa e auxílio à absorção das ideias — e por que a ansiedade leva oradores a eliminar as pausas.
A técnica de falar mais alto e mais lento nos trechos centrais para criar destaque, orientar a atenção e garantir que a mensagem principal seja retida.
A revisão crítica do estudo de Albert Mehrabian, o equívoco de sua aplicação universal e a defesa do conteúdo como elemento principal da comunicação.
Regras práticas para o uso das mãos acima da linha da cintura, para o controle das pernas e para a importância de fixar o público com contato visual direto.
Por que olhar nos olhos do público — e não para um ponto fixo no vazio — ajuda o orador a pensar, a manter o fio do raciocínio e a criar a sensação de conversa individual.
A diferença entre as regras da escrita e as da fala oral; como a repetição deliberada de ideias compensa a dispersão natural do público e reforça a fixação da mensagem.
Como organizar as ideias fragmentadas da mente em uma sequência lógica encadeada — cada ideia puxando a seguinte — para evitar o travamento e o discurso em círculos.
O método FRI (Fale, Repita, Ilustre) como ferramenta para sair da linguagem abstrata e tornar o discurso visualizável, com exemplos, descrições e analogias concretas.
Quando e como usar recursos visuais sem que eles substituam o orador; por que o PowerPoint como guia revela falta de domínio e mata a dinâmica da apresentação.
A divisão do discurso em problema, verdade e solução como forma de criar sensação de ascendência, evitar repetições desnecessárias e conduzir o público a uma resolução.
Por que Quintiliano começa sua obra falando de pedagogia e não de técnica, e o que isso revela sobre a concepção clássica do orador como síntese de formação intelectual e moral.
Como falar com entusiasmo e força energiza o pensamento do próprio orador, contagia o público e garante que qualquer tema seja tratado com a importância que merece.",Curso Avulso,Acesso completo a este curso,,,https://hotmart.com/em-breve,"Acesso ao curso completo por 1 ano
26 aulas em vídeo, totalizando 3h de conteúdo
Material de apoio e bibliografia indicada
Certificado digital de conclusão",,,,,https://hotmart.com/em-breve,arte-de-falar-bem,"Todos os cursos listados acima, com acesso por 1 ano
Material de apoio e certificado de todos os cursos",,false,false,13_Oratoria.resposta.md,# A Arte de Falar Bem
como-estudar-historia,Como Estudar História,rafael-tonon,História e Política,/images/cursos/como-estudar-historia.webp,Um método rigoroso para quem quer entender o passado sem ser enganado por narrativas.,"A história é uma das áreas do conhecimento mais sujeitas à manipulação — e também uma das mais mal ensinadas. Quem passou pela escola sabe o que é decorar datas e nomes sem jamais entender por que os fatos aconteceram, quem os interpretou e com que intenção. Este curso parte de um ponto diferente: antes de ensinar como estudar história, Rafael Tonon explica o que a história é — e o que ela não é.

O professor percorre as definições clássicas de Heródoto, Tucídides, Marc Bloch e Jacques Le Goff para mostrar que a história não é um arquivo do passado, mas o estudo do homem e de sua ação no tempo. A partir daí, examina as principais correntes historiográficas — do positivismo à Nova História —, os conceitos de tempo cronológico e tempo histórico, e os erros mais comuns de quem lê ou ensina história: o anacronismo, a generalização apressada, a narrativa ideológica disfarçada de fato.

A segunda metade do curso é francamente prática. Tonon propõe vinte e um passos para construir uma vida intelectual séria em torno do estudo histórico: como estabelecer uma cronologia, como selecionar e confrontar fontes, como distinguir obras confiáveis de obras ideológicas, como desenvolver o hábito de leitura simultânea e o que significa, na tradição de Agostinho, meditar sobre o que se leu. A abordagem é exigente, direta e sem promessas fáceis.",8,6.5,https://www.youtube.com/embed/JyKphLsZ2xY,"Pais que ensinam os filhos em casa e precisam de uma base sólida para abordar história
Estudantes universitários que percebem que as aulas de história têm mais ideologia do que conteúdo
Autodidatas que leem história com interesse mas sem método para avaliar o que leem
Professores de ensino fundamental e médio que querem rever os fundamentos da disciplina que ensinam
Leitores de humanidades que querem entender como a historiografia funciona antes de consumir mais obras","Distinguir a definição positivista de história da definição adotada pela Nova História
Compreender por que a história é uma ciência em movimento, sujeita a revisões documentais
Diferenciar tempo cronológico e tempo histórico e aplicar essa distinção à leitura de obras
Identificar o anacronismo como o principal erro de interpretação histórica e como evitá-lo
Reconhecer as marcas de uma narrativa ideológica disfarçada de historiografia
Avaliar a confiabilidade de um autor e de uma obra antes de usá-los como referência
Construir uma cronologia básica de um período como pré-requisito para qualquer estudo histórico
Estabelecer uma rotina de leitura simultânea e cruzada de fontes sobre o mesmo assunto
Aplicar os critérios de Burke e Ginzburg para analisar a função da história na vida intelectual
Montar uma lista básica de leituras — dos clássicos aos historiadores nacionais — para iniciar um percurso sério","Boa parte das opiniões que circulam sobre o Brasil — sua história, suas instituições, seus personagens — apoia-se em narrativas que nunca foram confrontadas com documentos. Não porque as pessoas sejam desonestas, mas porque nunca aprenderam a ler história de outra forma: receberam versões prontas na escola, confirmaram-nas em filmes e livros de divulgação, e passaram a repeti-las como fatos.

Este curso não resolve esse problema com uma lista de ""verdades alternativas"". Resolve-o com método. Quem entende como a historiografia funciona — como as fontes são tratadas, como os períodos são periodizados de forma arbitrária, como o próprio historiador é filho do seu tempo — passa a ler qualquer obra com outros olhos. Essa mudança de postura afeta decisões concretas: o que se ensina aos filhos, como se avalia uma notícia, como se interpreta um debate político. Saber estudar história é, antes de tudo, saber pensar sobre o tempo em que se vive.","Aula 1 — O que é história e como ela surgiu
Aula 2 — Correntes historiográficas e a importância da cronologia
Aula 3 — Tempo cronológico, tempo histórico e o anacronismo
Aula 4 — A função da história e o papel do leitor
Aula 5 — Narrativa, manipulação da memória e honestidade intelectual
Aula 6 — Ideologia no ensino de história e como superá-la
Aula 7 — Os primeiros passos de um estudo eficaz
Aula 8 — Vinte e um passos para uma vida intelectual séria","Apresenta a definição clássica de história a partir de Heródoto, distingue pré-história de história pela invenção da escrita e introduz a ideia de história como ciência em movimento, usando o caso do Manuscrito de Chinon e os templários.
Contrasta a filosofia da história com a história enquanto ciência autônoma, discute positivismo, marxismo e Nova História, e apresenta a cronologia como primeiro instrumento prático para qualquer estudo histórico, com o exemplo de Kant e o Iluminismo.
Define e diferencia tempo cronológico e tempo histórico, explica por que as periodizações são arbitrárias e mostra como as permanências culturais medievais chegaram ao Brasil, usando as Congadas como exemplo concreto.
Discute por que a história não pode ser reduzida à utilidade imediata, retoma a definição agostiniana de educação como processo lento e doloroso, e apresenta os critérios de Burke para o bom historiador: imaginação, perspicácia e sensibilidade para questões relevantes.
Examina como lacunas e generalizações apressadas distorcem a história, com os casos de Dom Pedro I e Leopoldina, e analisa a função da história segundo Ginzburg: despertar percepção multicultural, expandir imaginação e evitar o provincialismo intelectual.
Discute dados sobre engajamento ideológico no professorado brasileiro, propõe estratégias para estudar paralelamente à narrativa dominante e estabelece princípios práticos: aprender fatos antes de ideologias, argumentar só com base em evidências e agir com humildade socrática.
Apresenta os cinco primeiros passos práticos: leitura constante, esforço interpretativo, processamento cruzado de dados, leitura simultânea de obras antagônicas e atitude socrática diante do próprio conhecimento, com referência ao Adler e ao Hugo de São Vítor.
Conclui o curso com os passos restantes: lista de clássicos, busca por pessoas com interesses análogos, metas de leitura diária, caderno de anotações, discipulado intelectual, exploração de áreas novas, aprendizado de idiomas, aproveitamento do tempo e análise sistemática de autores e bibliografias antes de escolher uma obra.",Curso Avulso,Acesso completo a este curso,,,https://hotmart.com/em-breve,"Acesso ao curso completo por 1 ano
8 aulas em vídeo, totalizando 6,5h
Material de apoio e bibliografia indicada pelo professor
Certificado digital de conclusão",,,,,https://hotmart.com/em-breve,como-estudar-historia,"Todos os cursos listados acima, com acesso por 1 ano
Material de apoio e certificado de todos os cursos",,false,false,14_ComoEstudarHistoria.resposta.md,# Como Estudar História
revolucoes-burguesas,Revoluções Burguesas,guilherme-almeida,História e Política,/images/cursos/revolucoes-burguesas.webp,Como a burguesia transformou a Europa e forjou o mundo em que ainda vivemos.,"Das feiras medievais aos parlamentos modernos, das teses de Lutero à guilhotina de Robespierre, este curso percorre a ascensão de uma classe social que não era nobre, nem cleriga, nem camponesa — e que, justamente por isso, precisou refazer o mundo à sua imagem. O professor Guilherme Almeida traça uma linha contínua entre o humanismo renascentista, a Reforma Protestante e as quatro grandes revoluções que redesenharam o Ocidente: a Inglesa, a Americana, a Industrial e a Francesa.

A abordagem é panorâmica e conectiva. Guilherme não trata cada revolução como um episódio isolado, mas como um capítulo de um mesmo processo: a burguesia ganhando poder econômico sem ter poder político, e usando crises, guerras e ideias para inverter essa equação. No caminho, o curso passa por figuras como Henrique VIII, Oliver Cromwell, John Locke, Montesquieu e Napoleão, mostrando como cada um contribuiu — conscientemente ou não — para esse rearranjo estrutural.

O tom é o de uma aula magistral: direto, com digressões que iluminam o argumento central, e disposto a fazer conexões inesperadas entre a saia escocesa, o fish and chips e a política dos cercamentos. Não é um curso de datas e fatos, mas de causas e consequências que ainda hoje organizam nossa vida política, econômica e cultural.",9,2.5,https://www.youtube.com/embed/JyKphLsZ2xY,"Estudantes de história, ciências sociais ou direito que querem entender a formação do mundo moderno
Leitores curiosos que já ouviram falar em iluminismo e burguesia, mas nunca viram o fio que os une
Professores do ensino médio que buscam uma narrativa coerente para apresentar as revoluções dos séculos XVII e XVIII
Pessoas interessadas em política que querem rastrear as origens das ideias de república, parlamento e separação de poderes","Distinguir os três sentidos históricos do termo 'burguesia' sem incorrer em anacronismo
Explicar por que a Reforma Protestante foi condição cultural para o desenvolvimento do capitalismo
Traçar a conexão entre a Magna Carta de 1215 e a Revolução Gloriosa de 1689
Analisar o papel de Oliver Cromwell como figura de transição entre revolução popular e ditadura burguesa
Compreender por que a Revolução Industrial nasceu na Inglaterra e não em Portugal, Espanha ou França
Identificar as diferenças fundamentais entre o iluminismo presente na Revolução Americana e o da Revolução Francesa
Relacionar a tese de Max Weber sobre a ética protestante com o desenvolvimento econômico das nações do norte europeu
Descrever as três fases da Revolução Francesa e o papel de jacobinos e girondinos em cada uma delas
Entender como o mercantilismo criado pelos reis absolutos acabou por financiar a sua própria destruição","As categorias com que lemos o noticiário político de hoje — república, parlamento, separação de poderes, direitos do cidadão, livre mercado — não caíram do céu. Elas foram forjadas em conflitos concretos, muitas vezes sangrentos, travados entre os séculos XVII e XVIII. Conhecer esse processo não é exercício de erudição: é a diferença entre habitar o presente como espectador passivo e compreendê-lo como herdeiro de escolhas que outras gerações fizeram.

Há também uma dimensão mais íntima nessa formação. Quando você entende que a separação entre Estado e Igreja, ou entre rei e governo, não é uma evidência natural, mas o resultado de revoluções específicas com custos altíssimos, você passa a julgar com mais seriedade as instituições que as guardam — e a desconfiar com mais clareza daquelas que as corroem.","Aula 1 — O Homem Renascentista e as Origens das Revoluções Burguesas
Aula 2 — Panorama Geral: As Quatro Revoluções Burguesas
Aula 3 — Protestantismo, Burguesia e o Espírito do Capitalismo
Aula 4 — Henrique VIII, a Magna Carta e a Formação do Parlamento Inglês
Aula 5 — Carlos I e os Antecedentes da Revolução Inglesa
Aula 6 — A República Puritana, a Ditadura de Cromwell e a Revolução Gloriosa
Aula 7 — O Iluminismo e a Revolução Americana
Aula 8 — A Revolução Industrial: a Revolução no Meio de Produção
Aula 9 — A Revolução Francesa: Iluminismo, Terror e o Fim do Ciclo Burguês","Apresenta o conceito de revolução e situa as transformações políticas, econômicas e religiosas do Renascimento como pré-condição cultural para a ascensão burguesa, apoiando-se em Ortega y Gasset e nos grandes teóricos do absolutismo.
Mapeia as quatro revoluções do curso — Inglesa, Americana, Industrial e Francesa — e contextualiza a origem medieval da burguesia nos burgos, seu poder econômico crescente e sua exclusão do poder político sob o Antigo Regime.
Examina como quatro invenções-chave (bússola, pólvora, relógio e prensa) aceleraram a ascensão burguesa, e por que a ética protestante — especialmente o calvinismo — removeu o freio moral que o catolicismo impunha ao lucro, diálogo com a tese de Max Weber.
Reconstrói a ruptura de Henrique VIII com Roma como estratégia política de expansão de poder, e retoma a criação do parlamento inglês em 1215 como herança medieval que moldará todas as crises constitucionais seguintes.
Analisa como o governo centralizador de Carlos I alienou a burguesia mercantil, a gentry e os puritanos liderados por Oliver Cromwell, criando a coalizão que derrubará a monarquia, com nota sobre a Guerra dos Trinta Anos no pano de fundo europeu.
Narra a execução de Carlos I, o governo de Cromwell como ditadura que perseguiu os próprios aliados populares, a Restauração Stuart e, por fim, a Revolução Gloriosa de 1688–89 e a Bill of Rights, que instituiu a monarquia parlamentar.
Mostra como John Locke e o iluminismo nasceram dos escombros da Revolução Inglesa, e como suas ideias — mediadas por Franklin, Jefferson e Montesquieu — fundamentaram a independência das treze colônias e a criação da república presidencialista em 1776.
Explica a passagem do sistema artesanal ao manufatureiro e ao industrial, o papel da máquina a vapor de James Watt, e por que somente a Inglaterra reunia as condições políticas e econômicas para inaugurar a produção fabril em escala.
Percorre as três fases da Revolução Francesa — a Assembleia Constituinte, o Terror jacobino de Robespierre e o Diretório girondino —, os 20 mil mortos na guilhotina e o golpe do 18 Brumário que entregou o poder a Napoleão e encerrou o ciclo revolucionário burguês.",Curso Avulso,Acesso completo a este curso,,,https://hotmart.com/em-breve,"Acesso ao curso completo por 1 ano
9 aulas em vídeo, totalizando 2,5h
Material de apoio e bibliografia indicada
Certificado digital de conclusão",,,,,https://hotmart.com/em-breve,revolucoes-burguesas,"Todos os cursos listados acima, com acesso por 1 ano
Material de apoio e certificado de todos os cursos",,false,false,15_RevBurguesas.resposta.md,# Revoluções Burguesas
revolucao-francesa,Revolução Francesa,guilherme-almeida,História e Política,/images/cursos/revolucao-francesa.webp,"A história verdadeira da Revolução Francesa — sem verniz, sem omissões, sem romantismo.","A Revolução Francesa é celebrada como o marco fundador das liberdades modernas. Mas o que de fato aconteceu entre 1789 e 1799, da queda da Bastilha ao golpe de Napoleão, é uma história muito mais sombria — e muito mais instrutiva — do que o mito costuma revelar.

Neste curso, o professor Guilherme Almeida percorre os dez anos da Revolução em quatro etapas: os antecedentes estruturais que tornaram a ruptura inevitável, a primeira fase de organização constitucional, o período do Terror jacobino e, por fim, o caótico Diretório que abriu caminho a Bonaparte. Ao longo de cada módulo, o professor articula causas econômicas, disputas de poder entre estamentos, a filosofia iluminista de Rousseau, Voltaire e Montesquieu, e os símbolos que os revolucionários destruíram, subverteram ou reinventaram.

A perspectiva é crítica e historicamente fundamentada: o professor não trata o iluminismo como progresso inevitável, mas como uma ruptura civilizacional com consequências trágicas — o terror, as guerras civis, a perseguição religiosa e a instabilidade que só se encerrou com a centralização napoleônica. O tom é didático, direto e informado por autores como Christopher Dawson, Max Weber e Michelet.",18,4.5,https://www.youtube.com/embed/JyKphLsZ2xY,"Estudantes de história, direito ou filosofia que querem ir além do manual escolar
Leitores que percebem conexões entre a Revolução Francesa e debates políticos contemporâneos
Professores do ensino médio que desejam apresentar o período com maior profundidade crítica
Adultos formados que nunca tiveram acesso a uma leitura não hagiográfica da Revolução
Pessoas interessadas em entender como ideias iluministas moldaram — e deformaram — o Ocidente moderno","Identificar as cinco causas estruturais que tornaram a Revolução Francesa inevitável
Distinguir a recepção do iluminismo na América e na França e suas consequências práticas
Compreender o papel da burguesia, dos sans-culottes e dos estamentos na dinâmica revolucionária
Analisar o uso político dos símbolos — da Bastilha à guilhotina — ao longo da Revolução
Explicar a origem histórica das categorias 'esquerda' e 'direita' na Assembleia Legislativa francesa
Caracterizar o Terror jacobino, seus instrumentos de controle social e seu saldo de mortes
Relacionar a Constituição Civil do Clero com o projeto iluminista de laicização do Estado
Avaliar o período do Diretório como tentativa fracassada de estabilização pós-Terror
Situar Napoleão Bonaparte como resposta ao colapso da governabilidade revolucionária
Reconhecer a Revolta da Vendéia como episódio frequentemente omitido da historiografia corrente","Entender a Revolução Francesa não é exercício de erudição: é aprender a ler o mundo em que vivemos. A divisão política entre esquerda e direita, a laicização do Estado, a ideia de constituição como limite ao poder, o uso do terror em nome da liberdade — tudo isso tem raízes diretas nos dez anos estudados neste curso.

Quando se conhece o que de fato aconteceu na França entre 1789 e 1799 — os massacres de setembro, a guilhotina trabalhando a sessenta mortes por dia, a perseguição ao clero refratário, a subversão sistemática dos símbolos culturais —, torna-se mais difícil aceitar versões simplificadas de qualquer processo político que prometa liberdade, igualdade e fraternidade. O curso não oferece uma tese partidária, mas as ferramentas históricas para que cada pessoa forme o seu próprio juízo.","Aula 1 — Introdução: a mãe das revoluções burguesas
Aula 2 — Módulo 1: apresentação dos antecedentes
Aula 3 — A formação histórica da burguesia
Aula 4 — O iluminismo: anticlericalismo e antiabsolutismo
Aula 5 — O iluminismo na América: teoria com ressalvas
Aula 6 — Os cinco antecedentes da Revolução
Aula 7 — Módulo 2: início da primeira fase (1789–1792)
Aula 8 — A queda da Bastilha e o uso político dos símbolos
Aula 9 — A Declaração dos Direitos do Homem e os limites da liberdade
Aula 10 — A laicização do Estado e o nascimento da esquerda e da direita
Aula 11 — O fim da monarquia constitucional
Aula 12 — Módulo 3: o período do Terror (1792–1794)
Aula 13 — Valmy, Vendéia e os massacres de setembro
Aula 14 — Os comitês, o Tribunal Revolucionário e a guilhotina
Aula 15 — Radicalização simbólica: tempo, religião e memória
Aula 16 — O fim do Terror: o golpe do 9 Termidor
Aula 17 — O Diretório: caos, terror branco e conspiração dos iguais
Aula 18 — O golpe do 18 Brumário e o fim da Revolução","Apresenta o curso, sua divisão em quatro fases e o impacto negativo da Revolução Francesa na formação do homem ocidental contemporâneo.
Introduz os cinco pontos causais centrais que o módulo desenvolverá, situando a Revolução como resultado de forças estruturais acumuladas.
Traça a origem medieval da burguesia, seu papel no mercantilismo, a tensão com a Igreja Católica e o impacto do protestantismo na ética econômica, com referência a Max Weber.
Examina as bases do pensamento iluminista em Locke, Montesquieu, Voltaire e Rousseau, e o projeto de substituição da autoridade religiosa e monárquica pela razão.
Contrasta a aplicação do iluminismo na Revolução Americana — lida à luz das Escrituras e da herança republicana romana — com o uso radical que se fará na França.
Analisa a Guerra dos Sete Anos, o financiamento da independência americana, o luxo da corte de Versalhes, a grande fome de 1787-1788 e a exclusão política do Terceiro Estado.
Introduz o período de organização inicial da Revolução, situa a decadência da autoridade de Luís XVI e explica a diferença entre revolta e revolução.
Explica por que a Bastilha foi escolhida como alvo simbólico, analisa o conceito de damnatio memoriae e examina a reação dos outros reinos absolutistas europeus.
Examina a Declaração de 1789, o voto censitário, a exclusão das mulheres e dos sans-culottes, e a marcha das peixeiras sobre Versalhes como contra-símbolo popular.
Analisa a Constituição Civil do Clero, o clero juramentado e o refratário, o surgimento dos jacobinos e dos girondinos, e a origem histórica das categorias políticas de esquerda e direita.
Examina a fuga de Varennes, a Convenção Nacional, o conflito entre jacobinos e girondinos pelo voto e o colapso da monarquia constitucional criada em 1791.
Introduz a terceira fase — a mais violenta da Revolução —, com as guerras civis, a contrarrevolução estrangeira e a radicalização jacobina sob Robespierre.
Aborda a Batalha de Valmy, a criação do Ano 1 da República, a Revolta da Vendéia com seus 150 a 300 mil mortos e o massacre da guarda suíça nas Tulherias.
Descreve os instrumentos de controle jacobino — Comitê de Salvação Pública, Tribunal Revolucionário, guilhotina —, a morte de Luís XVI em janeiro de 1793 e o funcionamento do terror cotidiano.
Examina a subversão do calendário, dos nomes de ruas, dos jogos e das igrejas, o culto ao Ser Supremo da Razão encenado por Robespierre e a morte de Marat pintada por Jacques-Louis David.
Narra a execução de Maria Antonieta, o isolamento de Robespierre, a aliança entre jacobinos dissidentes e girondinos, e o golpe que encerrou o governo do Terror.
Apresenta o governo do Diretório, a reação realista, o terror branco, a Conspiração dos Iguais de Graco Babeuf e a ascensão militar de Napoleão Bonaparte.
Analisa o golpe de Napoleão, a criação do Consulado com referência à República Romana, e o encerramento de dez anos de conturbação com a figura do Primeiro Cônsul.",Curso Avulso,Acesso completo a este curso,,,https://hotmart.com/em-breve,"Acesso ao curso completo por 1 ano
18 aulas em vídeo, totalizando 4,5h
Material de apoio e bibliografia indicada
Certificado digital de conclusão",,,,,https://hotmart.com/em-breve,revolucao-francesa,"Todos os cursos listados acima, com acesso por 1 ano
Material de apoio e certificado de todos os cursos",,false,false,16_RevFrancesa.resposta.md,# Revolução Francesa
homeschooling-aspectos-juridicos,Homeschooling: Aspectos Jurídicos para Famílias Educadoras,isabelle-monteiro,Direito e Vida Pública,/images/cursos/homeschooling-aspectos-juridicos.webp,"O que a lei brasileira realmente diz sobre educar seus filhos em casa, sem omissões.","Educar os próprios filhos em casa não é proibido no Brasil — mas poucos pais sabem exatamente onde a lei diz isso, nem o que fazer quando um conselheiro tutelar bate à porta. Este curso parte dessa lacuna e a preenche com rigor: Isabelle Monteiro, advogada e pedagoga especializada em direito educacional, conduz você pelos fundamentos jurídicos do ensino domiciliar, da lei natural ao Código Civil, dos tratados internacionais de direitos humanos à decisão do STF no Recurso Extraordinário 888.815.

A abordagem é ao mesmo tempo filosófica e prática. Antes de apresentar as normas, Isabelle situa o direito dos pais à educação dos filhos no âmbito do jusnaturalismo — de São Tomás de Aquino a John Finnis — e demonstra como esse fundamento se conecta ao ordenamento positivo brasileiro. A partir daí, o curso desce ao chão: como encerrar a matrícula na escola pública, como organizar a documentação diária do ensino domiciliar, como responder ao Conselho Tutelar, ao Ministério Público e, se necessário, ao Judiciário.

O tom é o de uma consultora que já acompanhou dezenas de famílias e sabe onde estão as armadilhas reais — não as imaginárias. Sem alarmismo, sem promessas de que tudo será fácil, mas com clareza sobre o que a lei permite, o que ela não proíbe e o que você pode fazer quando alguém fingir que não sabe a diferença.",12,4.5,https://www.youtube.com/embed/JyKphLsZ2xY,"Pais que já praticam o ensino domiciliar e querem entender seus direitos com precisão
Famílias que consideram desescolarizar os filhos e temem as consequências jurídicas
Advogados que desejam atuar na defesa de famílias educadoras com fundamentação sólida
Pais que já receberam visita do Conselho Tutelar ou notificação do Ministério Público
Famílias cristãs que buscam amparo legal para transmitir sua fé por meio da educação domiciliar","Compreender o fundamento jusnaturalista do direito dos pais à educação dos filhos
Identificar os artigos da Constituição Federal, do Código Civil e do ECA que amparam o homeschooling
Conhecer os cinco tratados internacionais de direitos humanos aplicáveis ao ensino domiciliar
Analisar a decisão do STF no Recurso Extraordinário 888.815 e seus efeitos práticos
Distinguir as medidas que o Conselho Tutelar pode e não pode aplicar às famílias educadoras
Elaborar a documentação diária necessária para comprovar o ensino domiciliar perante órgãos de proteção
Desescolarizar a criança de forma discreta, evitando registros de evasão escolar
Entender as implicações das multas judiciais e os limites legais de sua cobrança
Utilizar o ENCCEJA como caminho para obtenção de diploma e ingresso na universidade
Avaliar os riscos e as estratégias disponíveis para famílias que optarem por não se submeter à lei federal em tramitação","A decisão de educar os filhos em casa não termina no momento em que os pais a tomam — ela começa ali. Sem saber o que a lei permite, uma família pode ser intimidada por uma notificação do Conselho Tutelar a abandonar um projeto educacional legítimo e bem conduzido. Com esse conhecimento, a mesma notificação vira uma conversa na mesa da sala, com documentação na mão e argumentos que o conselheiro não pode ignorar.

O direito, aqui, não é um obstáculo a ser contornado: é um instrumento que os próprios pais podem manejar. Conhecer a diferença entre o que a lei proíbe expressamente e o que ela simplesmente não regulamentou ainda é o que separa a família que cede na primeira pressão da família que permanece firme com razões sólidas. Este curso oferece exatamente essa clareza — e, com ela, a base para que a decisão de educar em casa seja sustentada com autonomia real.","Aula 1 — Introdução: razões e fundamentos do ensino domiciliar
Aula 2 — O direito natural dos pais à educação dos filhos
Aula 3 — A Constituição Federal e o homeschooling
Aula 4 — Código Civil, ECA e legislação infraconstitucional
Aula 5 — Tratados internacionais de direitos humanos
Aula 6 — Projetos de lei e o cenário legislativo atual
Aula 7 — Atuação do Conselho Tutelar: o que fazer na prática
Aula 8 — Ministério Público e ações judiciais
Aula 9 — Multas judiciais e perda do poder familiar
Aula 10 — Desescolarizando: como tirar o filho da escola
Aula 11 — Organização da documentação e produção de prova diária
Aula 12 — Retorno à escola, ENCCEJA e entrada na universidade","Apresenta as motivações pedagógicas e filosóficas do homeschooling, a origem do movimento nos anos 1970 com John Holt e Ivan Illich, e os dados atuais sobre famílias educadoras no Brasil e nos Estados Unidos.
Examina o conceito de lei natural e de jusnaturalismo clássico e moderno, com referências a São Tomás de Aquino, Kant e John Finnis, e demonstra como o direito à educação domiciliar deriva desse fundamento filosófico.
Analisa os artigos 205, 206, 227 e 229 da Constituição Federal, o princípio da legalidade e a decisão do ministro Alexandre de Moraes no RE 888.815, que reconheceu a constitucionalidade do ensino domiciliar.
Percorre os artigos do Código Civil sobre poder familiar e os do ECA sobre educação, demonstrando que a obrigação legal dos pais é garantir educação — não necessariamente matrícula escolar.
Apresenta os cinco tratados internacionais ratificados pelo Brasil que garantem liberdade educacional e transmissão de crenças, explica sua hierarquia supralegal e analisa os Princípios do Rio de 2016.
Descreve o trâmite do projeto de lei federal sobre homeschooling, as leis estaduais declaradas inconstitucionais e os parâmetros estabelecidos pelo STF que qualquer regulamentação deverá respeitar.
Orienta como receber uma visita do Conselho Tutelar, quais medidas ele pode aplicar às famílias educadoras, como protocolar requerimento de arquivamento e quando acionar advogado.
Explica o rito das ações cíveis e criminais movidas pelo MP contra famílias educadoras, incluindo o crime de abandono intelectual, a ação do artigo 249 do ECA e a obrigação de matrícula por liminar.
Analisa as astreintes aplicadas em liminares de matrícula obrigatória, seus limites legais conforme o STJ, e demonstra por que a suspensão ou perda do poder familiar é juridicamente inaplicável ao ensino domiciliar comprovado.
Apresenta os passos práticos para encerrar a matrícula em escolas públicas e particulares, como lidar com busca ativa e denúncias de terceiros, e como orientar a criança a responder perguntas sobre onde estuda.
Descreve a montagem do fichário anual com legislação, matrícula extensa, planejamentos de aula, avaliações, atividades extracurriculares e lista de leituras, com orientações sobre conservação por prazo prescricional.
Explica o instituto da classificação previsto na LDB para reingresso escolar, o funcionamento do ENCCEJA como caminho para obtenção de diploma, e os procedimentos para ingresso em universidades brasileiras e estrangeiras.",Curso Avulso,Acesso completo a este curso,,,https://hotmart.com/em-breve,"Acesso ao curso completo por 1 ano
12 aulas em vídeo, totalizando 4,5h
E-book exclusivo: Homeschooling — 50 Respostas às Famílias
Material de apoio com legislação e Princípios do Rio comentados
Certificado digital de conclusão",,,,,https://hotmart.com/em-breve,homeschooling-aspectos-juridicos,"Todos os cursos listados acima, com acesso por 1 ano
Material de apoio e certificado de todos os cursos",,false,false,17_HS_Direito.resposta.md,# Homeschooling: Aspectos Jurídicos para Famílias Educadoras
musicas-contos-e-lendas-de-natal,"Músicas, Contos e Lendas de Natal",sem-professor-definido,Literatura e Cultura,/images/cursos/musicas-contos-e-lendas-de-natal.webp,As músicas e os contos de Natal como janela para a alma dos povos cristãos.,"Existe uma camada da experiência humana que não se explica por argumentos, mas se transmite por canções e histórias. O Natal é, talvez, o momento em que essa camada fica mais visível: as músicas que a criança aprende sem esforço, os contos que a avó repete todo ano, as lendas que ninguém sabe de onde vieram mas que persistem porque dizem algo verdadeiro. É esse patrimônio que este curso percorre.

O professor parte de um método que atravessa sua obra sobre História das Mentalidades: olhar para as produções populares — músicas, lendas, contos — como documentos privilegiados do modo como os povos percebem o mundo. Aplicado ao Natal, esse método revela como italianos, austríacos, franceses, espanhóis e brasileiros construíram, cada um a seu modo, uma imagem do mistério de Deus encarnado numa criança.

O percurso vai do Menino do Tambor à Noite Feliz, de Santo Afonso de Ligório às canções francesas medievais, das lendas natalinas europeias a João Cabral de Melo Neto. Em cada parada, o professor não apenas narra — ele lê a letra, comenta a teologia implícita, conta a história da composição, identifica o olhar de infância que sustenta todas essas obras. Você não sairá do curso sabendo mais sobre o Natal. Sairá ouvindo-o de outro modo.",8,3,https://www.youtube.com/embed/JyKphLsZ2xY,"Adultos que sentem que o Natal perdeu sentido e querem recuperar seu peso cultural e espiritual
Pais que desejam explicar aos filhos a origem das músicas e histórias que cantam todo dezembro
Leitores interessados em como a tradição cristã se expressa na arte popular de diferentes países
Professores de literatura ou história que buscam material sobre cultura e mentalidade dos povos
Pessoas fascinadas por folclore, lendas e a forma como as histórias atravessam gerações e fronteiras","Identificar a origem histórica e lendária da canção 'Noite Feliz' e seu caminho da Áustria ao mundo
Compreender o sentido teológico e afetivo da canção napolitana de Santo Afonso de Ligório
Distinguir os diferentes modos de celebrar o Natal nas tradições italiana, austríaca e francesa
Interpretar a lenda do Menino do Tambor como expressão do espírito cristão de Natal
Analisar a lenda de Santa Eva no presépio e seu significado dentro da teologia da Redenção
Reconhecer o 'alto de Natal' como forma literária medieval e sua presença em Morte e Vida Severina
Ler Morte e Vida Severina de João Cabral de Melo Neto como peça de Natal nordestina
Perceber como músicas e contos populares funcionam como documentos da mentalidade de um povo","Há uma diferença entre conhecer o Natal e entendê-lo. Boa parte das pessoas que cantam Noite Feliz desde a infância nunca soube que a música foi composta às pressas porque ratos comeram os foles do órgão da paróquia. Quase ninguém sabe que o presépio foi inventado por Francisco de Assis precisamente porque as palavras, sozinhas, não eram suficientes para mostrar o que o nascimento de Deus significava.

Este curso não é uma aula de catecismo nem um guia turístico pela cultura europeia. É uma tentativa de devolver profundidade a coisas que você já conhece: as músicas que cantou sem entender a letra, as histórias que ouviu sem saber de onde vinham, o Natal que você celebra sem conseguir dizer exatamente por quê ele ainda importa. Quando você entende o que está por trás dessas obras — o olhar de criança que Santo Afonso preservou até os 98 anos, a dignidade que João Cabral enxerga numa criança setemezina nascida no mangue —, o Natal que volta é um pouco mais seu.","Aula 1 — O Menino do Tambor: origem e significado de uma lenda natalina
Aula 2 — Noite Feliz: a história documentada da canção mais cantada do mundo
Aula 3 — Tu Scendi dalle Stelle: Santo Afonso de Ligório e o olhar de criança sobre o presépio
Aula 4 — Músicas de Natal francesas: teologia e solenidade infantil
Aula 5 — Lendas natalinas: Santa Eva e a maçã no presépio
Aula 6 — Os Quatro Pês: contos de Natal e conversão
Aula 7 — Morte e Vida Severina I: o retirante, a morte e o caminho até Recife
Aula 8 — Morte e Vida Severina II: o nascimento, os presentes e o espetáculo da vida","Apresenta a lenda do Menino do Tambor em suas múltiplas versões, com origem provável na cristandade centro-europeia, e discute sua mensagem central: o presente dado de coração vale mais do que o de maior valor.
Narra a composição de Stille Nacht em 1818, na aldeia austríaca de Oberndorf, o papel do padre Mohr e de Franz Gruber, e como a canção se espalhou pelo mundo. Comenta a letra em alemão e as duas versões oficiais em português.
Examina a canção napolitana de Santo Afonso de Ligório, jurista e doutor da Igreja, comentando estrofe por estrofe a admiração infantil diante do Deus encarnado que treme de frio na manjedoura. Inclui comparação com a versão nordestina brasileira.
Comenta Minuit Chrétiens e Entre le Bœuf et l'Âne Gris, contrastando o tom teológico e quase didático da primeira com a estrutura circular e poética da segunda, que coloca o universo inteiro em torno do sono do menino Jesus.
Narra a lenda de Santa Eva visitando o presépio na noite de Natal e deixando a maçã no berço do menino Jesus, explicando seu significado dentro da teologia da Redenção e a figura de Nossa Senhora como Nova Eva.
Conta duas histórias paralelas — os quatro P's do colégio de padres e os quatro K's do navio de guerra — em que personagens endurecidos se transformam na noite de Natal, ambas convergindo para a ideia de que o Natal muda as pessoas.
Apresenta o poema de João Cabral de Melo Neto como alto de Natal pernambucano, lendo e comentando a apresentação do Severino, sua incapacidade de se individualizar e os sucessivos encontros com a morte ao longo da viagem pelo sertão e pela zona da mata.
Conclui a leitura do poema com o nascimento do filho do mestre Carpina — o Natal nordestino —, os presentes dos pobres, as profecias das ciganas e o argumento final contra o suicídio: a vida responde com sua presença viva.",Curso Avulso,Acesso completo a este curso,,,https://hotmart.com/em-breve,"Acesso ao curso completo por 1 ano
8 aulas em vídeo, totalizando 3h
Material de apoio e bibliografia indicada
Certificado digital de conclusão",,,,,https://hotmart.com/em-breve,musicas-contos-e-lendas-de-natal,"Todos os cursos listados acima, com acesso por 1 ano
Material de apoio e certificado de todos os cursos",,false,false,19_Natal.resposta.md,"# Músicas, Contos e Lendas de Natal"
educacao-personalizada,Educação Personalizada,evandro-faustino,Educação dos Filhos,/images/cursos/educacao-personalizada.webp,O que significa educar uma pessoa — e por que isso é diferente de formatar um aluno.,"Educação Personalizada é um estilo educativo com oito décadas de história e aplicação crescente em colégios e famílias ao redor do mundo. Mas o que o distingue de um método? Ao contrário de receitas pedagógicas que prometem resultados padronizados, esse estilo parte de uma premissa filosófica precisa: cada pessoa é única, irrepetível, e carrega em si potencialidades que nenhum programa estatal ou currículo genérico é capaz de mapear por inteiro.

Ao longo deste curso, o professor Evandro Faustino percorre os fundamentos antropológicos, filosóficos e práticos da Educação Personalizada — da distinção entre método e estilo à questão da liberdade na escola; do papel insubstituível dos pais à ideia grega de paideia; da criatividade sufocada pelas instituições à necessidade de que o aluno encontre pessoalmente a verdade, em vez de apenas repeti-la.

O curso dialoga com educadores como José Maria Barrio, Javier Aranguren, Ricardo Iepes Stork, Ken Robinson e Jutta Burghardt, além de obras literárias e filosóficas que o professor usa como espelhos para pensar a educação — de Dostoiévski a Eça de Queiroz, de São Tomás de Aquino aos clássicos da Antiguidade. A perspectiva é cristã e personalista, sem abrir mão do rigor intelectual e do bom humor.",21,6,https://www.youtube.com/embed/JyKphLsZ2xY,"Pais que querem entender que critérios realmente importam na escolha de uma escola.
Educadores de ensino fundamental e médio insatisfeitos com o modelo conteudista.
Famílias que praticam ou consideram o homeschooling e buscam embasamento teórico sólido.
Diretores e coordenadores pedagógicos que desejam compreender o espírito da Educação Personalizada antes de aplicá-la.
Qualquer pessoa que se pergunte por que a escola parece mais voltada ao vestibular do que à formação humana.","Distinguir estilo educativo de método pedagógico e compreender as consequências práticas dessa diferença.
Compreender o conceito filosófico de pessoa como fundamento da Educação Personalizada.
Avaliar critérios equívocos e critérios legítimos na escolha de uma escola para os filhos.
Reconhecer os riscos da especialização excessiva e a importância de uma visão de conjunto do saber.
Analisar o papel dos clássicos — literários e históricos — na formação do juízo e do caráter.
Entender por que educar na liberdade não é sinônimo de permissividade, com apoio em José Maria Barrio e Jutta Burghardt.
Identificar de que maneira a escola contemporânea tende a suprimir a criatividade infantil, segundo Ken Robinson.
Compreender o conceito de formação em seus três graus — biológico, social e ideal — a partir do texto de Javier Aranguren.
Aplicar a ideia do encontro pessoal com a verdade como motor do aprendizado genuíno.
Reconhecer o erro escolar como experiência válida e repensar a cultura da nota como fim em si mesma.","A pergunta que todo pai responde na primeira entrevista de matrícula — ""quero que meu filho seja feliz"" — é profunda demais para ser respondida por um ranking de vestibular. Mas entre o desejo e o caminho há uma floresta que poucos param para atravessar com atenção.

Este curso importa porque coloca essa pergunta no centro, antes de qualquer consideração sobre currículo, método ou tecnologia educacional. Se você tem filhos em idade escolar, se você ensina, se você dirige uma escola ou simplesmente foi formado por uma — e se alguma vez sentiu que algo essencial ficou de fora — aqui você encontrará conceitos para nomear o que faltou e referências para começar a corrigi-lo. Não se trata de uma crítica genérica ao sistema, mas de uma proposta fundamentada sobre o que significa, de fato, ajudar alguém a crescer.","Aula 1 — O que é um estilo educativo
Aula 2 — Nossos filhos são nosso maior tesouro
Aula 3 — O que é educar: ajudar a crescer
Aula 4 — Formação estatal e formação pessoal
Aula 5 — As escolas matam a criatividade
Aula 6 — A hierarquia das disciplinas e os bonsais humanos
Aula 7 — Diplomas, criatividade e o mercado de trabalho
Aula 8 — A escola precisa ensinar a pensar
Aula 9 — Eslogans, leitura e os clássicos
Aula 10 — Especialização, visão de conjunto e a parábola da tapeçaria
Aula 11 — O encontro pessoal com a verdade
Aula 12 — A harmonia dos clássicos
Aula 13 — Heróis, clássicos e a memória dos feitos gloriosos
Aula 14 — Educar na liberdade (I): Deus não quer marionetes
Aula 15 — Educar na liberdade (II): correção, confiança e o tutor
Aula 16 — A ideia de formação (I): o que significa dar forma a uma pessoa
Aula 17 — A ideia de formação (II): erudição, cultura, sabedoria e o mercado
Aula 18 — A ideia de formação (III): conhece-te a ti mesmo
Aula 19 — Criar ambientes livres (I): a lenda do grande inquisidor
Aula 20 — Criar ambientes livres (II): regras supérfluas e manipulação do conhecimento
Aula 21 — Introdução ao curso: estilo, não método","Apresenta a distinção entre método e estilo usando a analogia do impressionismo, e introduz a Educação Personalizada como estilo — não receita — com oitenta anos de história e resultados.
Desenvolve a tese de que a missão educativa pertence primariamente aos pais e examina em que momento e por que razão a escola entra como parceira — e não substituta — dessa missão.
Define educação como 'ajudar a crescer' a partir de Tomás Alvira, apresenta o conceito personalista de pessoa e distingue a Educação Personalizada da mera educação particular ou individualizada.
Contrasta o ideal educativo do Estado — da paideia grega aos programas técnicos modernos — com o ideal singular de cada pessoa, mostrando por que o planejamento coletivo não pode substituir o projeto individual.
Comenta a palestra de Ken Robinson, explora a criatividade como característica essencial da pessoa e analisa por que a escola formal tende a extingui-la ao longo dos anos iniciais.
Examina a hierarquia tácita que coloca ciências exatas acima das artes em qualquer escola do mundo e discute os efeitos de padronizar modos de aprender sobre a diversidade da inteligência humana.
Analisa a inflação acadêmica dos diplomas, o colapso do modelo de educação herdado da Revolução Industrial e defende que a criatividade é a ferramenta mais durável para enfrentar um futuro imprevisível.
Comenta entrevista de Ricardo Iepes Stork sobre como a velocidade do mundo moderno impede o assombro necessário ao pensamento, e oferece recursos práticos — etimologia, descrição, pausa — para formar o hábito de pensar.
Mostra como a ausência de hábito de pensar nos torna escravos de eslogans, e defende a leitura de clássicos como caminho para formar opiniões próprias — incluindo relato de experiência com Machado de Assis e a Divina Comédia.
Debate o dilema entre especialização e visão de conjunto usando a imagem de três observadores diante de uma tapeçaria, e aponta a perda do core curriculum como empobrecimento da formação universitária.
Desenvolve a ideia de que cada pessoa possui uma 'intimidade' única e que o verdadeiro aprendizado ocorre quando o aluno recebe, elabora e devolve o conhecimento de forma pessoal — com referência a Santo Agostinho e Santo Tomás.
Comenta o capítulo 'Harmonia dos Clássicos' de Ricardo Iepes Stork, critica o culto à velocidade e mostra como o estudo dos clássicos compõe, por acumulação, uma visão harmônica do saber — à maneira de um acorde musical.
Distingue herói de modelo moral perfeito, defende o papel formativo da biografia e da literatura clássica — com Homero, El Cid, Churchill e A Ilustre Casa de Ramírez de Eça de Queiroz — e convida a contar histórias aos alunos.
Apresenta o artigo 'Educar na Liberdade' de José Maria Barrio, a partir da premissa de que Deus criou seres livres com todas as consequências; questiona até que ponto a escola atual escolhe o dirigismo em vez da autonomia.
Distingue correção que restringe a liberdade de correção que a serve, usando a imagem do treinador e da tutora vegetal; defende um clima de confiança entre educador e educando como condição da formação.
Apresenta o texto de Javier Aranguren sobre formação, distinguindo seus três graus — biológico, social e ideal —, e situa a paideia grega como primeiro projeto explícito de formação humana com finalidade.
Diferencia erudição, cultura e sabedoria; critica a educação utilitarista como 'falta de bom gosto' e 'burrice' (nas palavras de Aranguren); e defende que a formação deve ter horizonte maior do que o vestibular ou o emprego imediato.
Retoma o ideal socrático do autoconhecimento como meta da educação, comenta o caso do ceramista que fez crianças descobrirem a própria capacidade artística e defende o silêncio e a pergunta como instrumentos pedagógicos fundamentais.
Comenta o artigo de Jutta Burghardt sobre liberdade escolar, usa a lenda do Grande Inquisidor de Dostoiévski para mostrar que suprimir a liberdade em nome do bem é uma forma de ateísmo prático.
Examina as formas concretas pelas quais a escola cerceia a liberdade — regras desnecessárias, uniformização de métodos, isolamento de ideias — e conclui que alegria visível é o primeiro sinal de que uma escola vai bem.
Aula introdutória em que o professor apresenta o curso, explica a distinção entre método e estilo educativo e contextualiza a Educação Personalizada como movimento crescente no Brasil e no mundo, incluindo o homeschooling.",Curso Avulso,Acesso completo a este curso,,,https://hotmart.com/em-breve,"Acesso ao curso completo por 1 ano
21 aulas em vídeo, totalizando 6h
Material de apoio e bibliografia indicada pelo professor
Certificado digital de conclusão",,,,,https://hotmart.com/em-breve,educacao-personalizada,"Todos os cursos listados acima, com acesso por 1 ano
Material de apoio e certificado de todos os cursos",,false,false,20_EducPersonalizada.resposta.md,# Educação Personalizada
filosofia-da-natureza,Filosofia da Natureza,eric-gramstrup,Filosofia e Formação do Juízo,/images/cursos/filosofia-da-natureza.webp,"Uma introdução ao pensamento de Aristóteles, da metafísica à compreensão filosófica do mundo natural.","Aristóteles nasceu na periferia do mundo grego e morreu duas vezes exilado. Entre esses dois pontos, fundou uma escola, educou Alexandre da Macedônia, disseou animais na costa da Ásia Menor e produziu uma obra que cobria praticamente todo o conhecimento humano disponível em seu tempo. Este curso percorre a vida e o pensamento desse filósofo com a atenção de quem sabe que não se entende a obra sem o contexto, nem o contexto sem a obra.

O professor Eric Gramstrup, advogado e amante da filosofia aristotélica há décadas, conduz as aulas com um estilo didático e direto, sem perder a profundidade. O ponto de chegada é a filosofia da natureza de Aristóteles — sua concepção do universo, dos elementos, dos seres vivos e da alma —, mas o caminho passa pela metafísica, pela teoria das quatro causas, pela distinção entre ato e potência, e pela célebre doutrina da substância e dos acidentes.

Não se trata de um curso de especialistas para especialistas. Gramstrup parte do zero e vai construindo, camada por camada, o edifício conceitual aristotélico, situando cada ideia dentro da tradição filosófica grega e apontando, quando cabível, os rastros que esse pensamento deixou na ciência moderna e na filosofia contemporânea.",5,2.5,https://www.youtube.com/embed/JyKphLsZ2xY,"Leitores curiosos que querem entender Aristóteles além dos manuais de filosofia
Estudantes de direito, medicina ou ciências humanas que encontraram Aristóteles no caminho e querem situar seu pensamento
Professores do ensino médio que precisam de uma base sólida para apresentar a filosofia antiga
Pessoas com formação religiosa ou tomista que desejam compreender a fonte filosófica da escolástica","Situar a vida de Aristóteles no contexto político e intelectual da Grécia antiga e da expansão macedônica
Distinguir os escritos esotéricos dos exotéricos e entender por que só um quinto da obra aristotélica sobreviveu
Compreender a classificação aristotélica das ciências em teoréticas, práticas e poiéticas
Explicar a doutrina das quatro causas — material, formal, eficiente e final — e sua diferença do uso contemporâneo do termo 'causa'
Entender a distinção entre substância e acidente e por que os empiristas a mal compreenderam
Aplicar a teoria do ato e da potência para explicar a mudança e a transformação dos entes
Descrever a cosmologia aristotélica das esferas concêntricas e a teoria dos quatro elementos sublunares e do éter supralunar
Distinguir os três tipos de alma — vegetativa, sensitiva e intelectiva — e o que cada uma explica nos seres vivos
Reconhecer a continuidade entre o pensamento aristotélico e o desenvolvimento posterior da ciência ocidental","Aristóteles não é apenas um nome de lista de vestibular. Ele é o autor de categorias que ainda organizam o modo como pensamos sobre causas, sobre mudança, sobre o que as coisas são e por que existem. Quem nunca estudou sua filosofia tende a usar essas categorias sem saber de onde vieram — e, por isso, sem perceber seus limites e suas potências.

Compreender Aristóteles é também compreender uma forma de olhar para o mundo que não começa pelo laboratório nem pela equação, mas pela pergunta mais básica de todas: por que as coisas são como são? Essa pergunta não é obsoleta. Ela reaparece sempre que alguém precisa pensar sobre a natureza de algo — um ser vivo, uma instituição, uma norma jurídica, uma relação humana — e não se contenta com a descrição superficial. Este curso oferece as ferramentas conceituais para fazer esse tipo de pergunta com mais rigor e mais profundidade.","Aula 1 — Apresentação do curso
Aula 2 — A vida de Aristóteles
Aula 3 — A obra de Aristóteles e a classificação das ciências
Aula 4 — Metafísica: ser, substância, causas, ato e potência
Aula 5 — Filosofia da natureza: cosmos, elementos e alma","Visão geral do percurso do curso: biografia de Aristóteles, introdução à metafísica e chegada à filosofia da natureza, com apresentação do professor e de sua perspectiva.
Da infância em Estagira à Academia de Platão, da pesquisa zoológica na Ásia Menor à tutoria de Alexandre da Macedônia e à fundação do Liceu peripatético em Atenas.
A história acidentada dos manuscritos aristotélicos, a edição de Andrônico de Rhodes, o que sobreviveu e o que se perdeu, e a tripartição das ciências em teoréticas, práticas e poiéticas.
O problema grego do ser e do múltiplo, a analogia do ente, a distinção entre substância e acidente, as quatro causas, a prova do motor imóvel e a doutrina do ato e da potência.
A cosmologia das esferas concêntricas, os quatro elementos sublunares e o éter supralunar, a teoria dos lugares e movimentos naturais, e os três tipos de alma nos seres vivos.",Curso Avulso,Acesso completo a este curso,,,https://hotmart.com/em-breve,"Acesso ao curso completo por 1 ano
5 aulas em vídeo, totalizando 2,5h
Material de apoio e bibliografia indicada
Certificado digital de conclusão",,,,,https://hotmart.com/em-breve,filosofia-da-natureza,"Todos os cursos listados acima, com acesso por 1 ano
Material de apoio e certificado de todos os cursos",,false,false,21_FilosofiaDaNatureza.resposta.md,# Filosofia da Natureza
o-fim-da-educacao,O Fim da Educação,fausto-zamboni,Filosofia e Formação do Juízo,/images/cursos/o-fim-da-educacao.webp,Um diagnóstico rigoroso da crise educacional e um convite ao percurso de volta à formação humana genuína.,"A palavra ""fim"" carrega dois sentidos que este curso explora sem separação: o fim como declínio — a escola em estado de calamidade, os índices de proficiência, o ambiente de violência e a manipulação sistemática das consciências — e o fim como finalidade, aquela orientação que a educação sempre deveria ter oferecido e que, em grande parte, deixou de oferecer.

Fausto Zamboni, professor e pesquisador da obra de Dante Alighieri, conduz o percurso a partir de uma referência incomum para um curso de educação: a Divina Comédia. Assim como Dante parte da selva escura em direção à luz, o curso desce primeiro ao fundo do problema — as raízes filosóficas da modernidade, o ativismo gnóstico, a instrumentalização da escola pelo Estado e pelas ideologias do século XX — para depois ascender em direção às concepções educativas da Antiguidade e da Idade Média, onde a educação ainda era entendida como um percurso de amor à sabedoria.

O tom é o de quem viveu a crise por dentro, como professor, e procurou nela não apenas um motivo de indignação, mas uma pergunta filosófica séria: como chegamos aqui? E, sobretudo: o que significa, de fato, educar um ser humano?",15,6,https://www.youtube.com/embed/JyKphLsZ2xY,"Pais que sentem desconforto com o que a escola pública oferece aos filhos e querem entender por quê.
Professores que percebem que algo está profundamente errado no sistema e querem fundamentar essa intuição.
Pessoas com formação universitária que suspeitam que foram mal formadas e buscam uma perspectiva mais sólida.
Leitores interessados em filosofia da educação que querem ir além dos manuais pedagógicos contemporâneos.
Quem já leu ou quer ler Dante e deseja compreender a dimensão educativa da Divina Comédia.","Distinguir o sentido clássico de educação do conceito moderno de instrução obrigatória em massa.
Rastrear as origens filosóficas da crise educacional desde Kant, Fichte, Hegel e Marx até o relativismo contemporâneo.
Identificar a mentalidade gnóstica como substrato comum das ideologias modernas e sua influência na escola.
Compreender como o sistema escolar foi criado como instrumento de controle político e uniformização cultural.
Analisar as técnicas de manipulação de comportamento — de Skinner a Milgram — introduzidas na prática pedagógica.
Reconhecer a estratégia marxista e fabiana de ocupação da escola como campo de revolução cultural.
Interpretar a teoria do conhecimento em Santo Agostinho e Boécio como fundamento de uma educação integral.
Ler a Divina Comédia de Dante como um itinerário educativo que vai da ignorância à contemplação da verdade.
Avaliar criticamente a pedagogia centrada no aluno e a dinâmica de grupo como técnicas de modificação de atitudes.
Formular uma resposta pessoal à crise educacional a partir da tradição clássica e medieval.","A maioria das pessoas que passou pela escola saiu dela sem saber ler adequadamente — não no sentido de decodificar palavras, mas de compreender o que lê. Esse não é um dado de má gestão. É o resultado de décadas de decisões filosóficas, políticas e pedagógicas que transformaram a escola num instrumento de outro projeto que não o de formar pessoas.

Entender esse processo importa porque ele afeta escolhas concretas: como educar os próprios filhos, que tipo de professores queremos ser, o que exigir de uma escola, e como reconhecer quando um argumento sobre educação serve à formação humana genuína ou à sua dissolução. Sem esse diagnóstico, qualquer proposta de melhora fica à mercê dos mesmos pressupostos que criaram o problema.","Aula 1 — Dois sentidos de fim: decadência e finalidade
Aula 2 — A escola hoje: dados sobre a realidade brasileira
Aula 3 — A natureza alterada do ato de ensinar
Aula 4 — Relativismo filosófico e a selva da inteligência contemporânea
Aula 5 — A mentalidade gnóstica e o intelectual moderno
Aula 6 — Kant e as consequências para a educação
Aula 7 — A ideia de progresso: Schelling, Hegel, Marx e Darwin
Aula 8 — O nascimento do sistema escolar moderno
Aula 9 — A escola como fábrica: empirismo, determinismo e controle
Aula 10 — Técnicas de controle: Skinner, Milgram e a dinâmica de grupo
Aula 11 — A estratégia marxista: Escola de Frankfurt, maio de 68 e revolução sexual
Aula 12 — A Unesco e a uniformização mundial do currículo
Aula 13 — A fragmentação do homem moderno e o círculo vicioso filosófico
Aula 14 — Dante como guia: poesia, alegoria e os quatro sentidos do texto
Aula 15 — O fim da educação como finalidade: vida ativa, contemplativa e amor à sabedoria","Apresenta a estrutura do curso a partir da dupla significação do título e introduz Dante como guia do percurso educativo, da selva escura ao paraíso.
Examina índices de proficiência em leitura do SAEB, dados de violência escolar e o paradoxo entre alto investimento público e resultados pífios.
Contrasta a relação mestre-discípulo da Antiguidade com o sistema de ensino obrigatório e mostra como a expansão escolar mudou estruturalmente o significado da educação.
Analisa a ideia wittgensteiniana de que os limites do mundo são os limites da linguagem e como ela conduz ao relativismo que dissolve os parâmetros educativos.
Descreve, a partir de Eric Voegelin e Julián Benda, a postura gnóstica do intelectual moderno: crítica estrutural do mundo, ativismo transformador e traição da função teórica do sábio.
Examina a crítica kantiana do conhecimento, a ênfase na ação sobre a contemplação e como essas ideias reorientaram a filosofia da educação em direção ao fazer e à formação para o mercado.
Mostra como a noção de evolução dialética migrou da filosofia para a história, tornando-se o mito do progresso que justifica a mentalidade revolucionária e instrumentaliza a escola.
Relata a criação do sistema de ensino prussiano e francês como instrumentos de unificação nacional e controle das novas gerações, em substituição às escolas religiosas e às iniciativas da sociedade civil.
Analisa como a concepção empirista do homem como tábula rasa e o estudo dos determinismos comportamentais conduziram à ideia de produção em série de 'produtos humanos' e à manipulação técnica dos alunos.
Detalha experimentos clássicos de psicologia social — Salomon Asch, Stanley Milgram, Musafer Sherif — e mostra como foram incorporados à prática pedagógica via dinâmica de grupo e dissonância cognitiva.
Examina como a intelectualidade marxista, via Horkheimer, Lukács, Bourdieu e os eventos de 1968, passou a ver a escola como campo central da revolução cultural e a família como alvo prioritário de desconstrução.
Descreve o projeto de modificação de atitudes em escala internacional conduzido pela Unesco, a pedagogia centrada no aluno como vetor de mudança comportamental e o processo gradual de internacionalização do currículo.
Mostra como o positivismo, Husserl e a desconstrução de Derrida culminam na incapacidade de distinguir verdade de narrativa e como essa fragmentação se reflete na especialização sem cultura geral.
Interpreta a Divina Comédia como compêndio educativo medieval, explorando o exemplo de Orfeu, os quatro sentidos alegóricos e o sonho de Lia e Raquel como símbolo da vida ativa e contemplativa.
Articula a teoria do conhecimento de Santo Agostinho e Boécio — sentidos, fantasia, razão e intelecto — com o percurso dantesco, propondo a contemplação amorosa da verdade como finalidade última da educação.",Curso Avulso,Acesso completo a este curso,,,https://hotmart.com/em-breve,"Acesso ao curso completo por 1 ano
15 aulas em vídeo, totalizando 6h
Material de apoio e bibliografia indicada
Certificado digital de conclusão",,,,,https://hotmart.com/em-breve,o-fim-da-educacao,"Todos os cursos listados acima, com acesso por 1 ano
Material de apoio e certificado de todos os cursos",,false,false,22_OFimDaEducacao.resposta.md,# O Fim da Educação
grandes-epopeias-da-antiguidade,As Grandes Epopeias da Antiguidade Clássica,mauro-de-medeiros-quero,Literatura e Cultura,/images/cursos/grandes-epopeias-da-antiguidade.webp,"Um percurso pelos poemas fundadores do Ocidente: Ilíada, Odisseia e Eneida.","Há cerca de 2700 anos, poemas surgidos de tradições orais foram reunidos em textos que nunca pararam de ser lidos. A Ilíada e a Odisseia, atribuídas a Homero, e a Eneida, de Virgílio, não são apenas monumentos literários — são os textos que educaram gerações inteiras de gregos e romanos e que continuam habitando o imaginário da civilização ocidental.

Neste curso, você percorre cada uma das três epopeias com atenção às suas estruturas narrativas, aos seus personagens e, sobretudo, às ideias que elas carregam sobre temas tão permanentes quanto a morte, a liberdade, a honra, o destino e a responsabilidade humana. A abordagem é a de um leitor apaixonado e estudioso, que coteja tradutores, convoca helenistas e latinistas e não tem medo de entrar nos pormenores da ação.

O professor Mauro de Medeiros Quero conduz a análise com um olhar formado tanto pelo direito e pela filosofia quanto por décadas de leitura literária séria. O tom é o de uma boa conversa intelectual: acessível sem ser superficial, comprometida com a beleza dos textos e com o que eles ainda têm a dizer a quem vive no século XXI.",30,30,https://www.youtube.com/embed/JyKphLsZ2xY,"Leitores que sempre quiseram ler Homero e Virgílio mas não sabiam por onde começar
Estudantes de humanidades que buscam um contato aprofundado com a literatura clássica
Professores de história, filosofia ou literatura que queiram fundamentar suas aulas nesses textos fundadores
Pessoas interessadas em cultura ocidental que desejam entender suas raízes greco-latinas
Leitores de ficção épica e fantasia que querem conhecer os originais que inspiraram o gênero","Identificar as diferenças estruturais, temáticas e de tom entre a Ilíada, a Odisseia e a Eneida
Compreender o contexto histórico e oral de composição das epopeias homéricas
Analisar os conceitos gregos de arete, aristeia, hybris e kleos como chaves de leitura dos textos
Distinguir os perfis psicológicos dos grandes heróis — Aquiles, Heitor, Ulisses e Enéias — e as decisões que os definem
Interpretar a função dramática e filosófica dos deuses olímpicos nas três narrativas
Reconhecer a influência de Homero sobre Virgílio e de ambos sobre a literatura ocidental posterior
Escolher traduções adequadas ao nível de leitura e ao objetivo do leitor
Situar conceitos como paideia, pietas, fatum e moira dentro de cada contexto cultural específico
Relacionar episódios centrais — as sereias, o ciclope, Dido, o Hades virgiliano — a questões éticas e filosóficas perenes
Ler os poemas com o tipo de atenção que revela os seus famosos silêncios eloquentes","Esses textos educaram os maiores nomes da Grécia Clássica — Platão, Aristóteles, Sófocles, Péricles — e continuam sendo referência para escritores, filósofos e pensadores até hoje. Não os conhecer é deixar um vazio considerável na compreensão de como o Ocidente pensa sobre heroísmo, destino, amor, fidelidade e justiça.

Além disso, a leitura dessas epopeias tem efeito direto sobre a capacidade de refletir: elas colocam questões sem resolvê-las por você. O que vale uma vida curta e gloriosa em oposição a uma longa e anônima? Até que ponto somos livres quando decidimos? O que nos obriga a cumprir uma missão mesmo contra nossa vontade? Essas não são perguntas do século VIII a.C. — são perguntas que qualquer pessoa enfrenta em algum momento, e os poemas as articulam com uma força que poucos textos posteriores igualaram.","Aula 1 — Introdução ao curso e à poesia épica
Aula 2 — Homero: o autor, a questão homérica e as traduções
Aula 3 — A Ilíada: estrutura, contexto e primeiros cantos
Aula 4 — A Ilíada: os heróis e o conceito de honra
Aula 5 — A Ilíada: a cena de Heitor e Andrômaca e os temas da guerra
Aula 6 — A Ilíada: o funeral de Heitor e o encontro com Príamo
Aula 7 — Introdução à Odisseia: estrutura e diferenças em relação à Ilíada
Aula 8 — A Odisseia: a Telemaquia e a psicologia de Penélope
Aula 9 — A Odisseia: Ulisses em Ogígia e na terra dos Feácios
Aula 10 — A Odisseia: as aventuras — Ciclope, Lotófagos e Éolo
Aula 11 — A Odisseia: Circe, o Hades e Tirésias
Aula 12 — A Odisseia: Sereias, Cila, Caríbdis e o gado do Sol
Aula 13 — A Odisseia: o retorno a Ítaca e o reconhecimento gradativo
Aula 14 — A Odisseia: Ulisses no palácio e os pretendentes
Aula 15 — A Odisseia: o massacre dos pretendentes e o reencontro com Penélope
Aula 16 — Virgílio e a Eneida: contexto histórico e o clássico por excelência
Aula 17 — A Eneida: o proêmio, Juno e a chegada a Cartago
Aula 18 — A Eneida: a queda de Troia (Livro 2)
Aula 19 — A Eneida: as errâncias e a paixão de Dido (Livros 3 e 4)
Aula 20 — A Eneida: os jogos fúnebres e a descida ao Hades (Livros 5 e 6)
Aula 21 — A Eneida: chegada ao Lácio e preparação para a guerra (Livros 7 e 8)
Aula 22 — A Eneida: a guerra itálica — Niso e Euríalo (Livro 9)
Aula 23 — A Eneida: a morte de Palante e a fúria de Enéias (Livro 10)
Aula 24 — A Eneida: Camila e os livros da guerra (Livros 11 e 12, parte 1)
Aula 25 — A Eneida: o duelo final e o fim do poema (Livro 12, conclusão)
Aula 26 — Comparação entre as três epopeias: heróis, deuses e destino
Aula 27 — A dimensão pedagógica: as epopeias como educadoras
Aula 28 — A recepção das epopeias: da Antiguidade ao Renascimento
Aula 29 — Leituras filosóficas das epopeias: ética, liberdade e transcendência
Aula 30 — Como ler: guia de traduções e caminhos para aprofundamento","Apresentação das três epopeias, do gênero épico, da estrutura do hexâmetro dactílico e das razões para ler esses textos hoje.
Discussão sobre a autoria da Ilíada e da Odisseia, a origem oral dos poemas, a transmissão dos textos e as principais traduções para o português.
Análise dos cantos iniciais da Ilíada — a cólera de Aquiles, o conflito com Agamêmnon e o início da trama —, com leitura comentada de passagens centrais.
Exame dos perfis de Aquiles, Heitor, Diomedes e Ajax à luz dos conceitos de arete, kleos e aristeia, e do que significa honra na Grécia Arcaica.
Leitura detalhada da despedida de Heitor no Canto 6, do embate final com Aquiles e da função crítica que Homero exerce em relação à guerra.
Análise do Canto 24 — o resgate do cadáver de Heitor, o encontro entre Aquiles e Príamo e o tema da compaixão como superação do ódio.
Mapeamento das três partes da Odisseia (Telemaquia, aventuras de Ulisses, retorno a Ítaca) e das seis principais diferenças temáticas e estilísticas em relação à Ilíada.
Análise dos quatro primeiros cantos — a viagem de Telêmaco, a corte dos pretendentes e a figura ambígua de Penélope.
Estudo da decisão de Ulisses de rejeitar a imortalidade oferecida por Calipso e da chegada à utópica Esquéria, com análise de Nausícaa e da hospitalidade feácia.
Leitura dos cantos 9 e 10 — a terra dos Lotófagos, o episódio de Polifemo como alegoria da barbárie, e a perda do saco dos ventos de Éolo.
Análise da feiticeira Circe, da descida de Ulisses ao Hades e do encontro com Tirésias, Aquiles e Agamêmnon no reino dos mortos.
Interpretação filosófica e ética dos três episódios finais das aventuras — as sereias como alegoria da tentação, o dilema entre dois males e o tabu absoluto transgredido.
Estudo dos cantos 13 a 16 — o disfarce de Ulisses, o encontro com Eumeu, a revelação ao filho Telêmaco e o reconhecimento do cão Argos.
Análise dos cantos 17 a 20 — o mendigo no salão, os conflitos com Iro e com os pretendentes, e a preparação psicológica para o clímax.
Leitura dos cantos 21 a 24 — a prova do arco, o massacre, o reconhecimento de Penélope pela cama indeslocável e a reconciliação final.
Apresentação de Virgílio, da Roma de Augusto, do que T.S. Eliot chamou de 'o clássico único' e dos conceitos centrais de pietas e fatum na Eneida.
Análise do proêmio, do papel de Juno como antagonista divina e dos primeiros livros — a tempestade, a chegada a Cartago e o encontro com Dido.
Leitura comentada do Livro 2, a mais detalhada narrativa antiga da destruição de Troia — o cavalo, Laocoonte, a morte de Príamo e a fuga de Enéias.
Análise das peregrinações de Enéias pelo Mediterrâneo e do Livro 4 — a tragédia de Dido, a partida de Enéias e a maldição que antecipa as Guerras Púnicas.
Estudo dos jogos em honra de Anquises e do Livro 6 — a Sibila de Cumas, a descida ao Hades, os Campos Elísios e a visão profética da história futura de Roma.
Análise da chegada ao Lácio, do contexto político italiano, da aliança com Evandro e do escudo forjado por Vulcano com a ekfrase da história de Roma.
Leitura do episódio de Niso e Euríalo — amizade, coragem e hybris — como modelo de aristeia guerreira e seus limites trágicos.
Análise da morte de Palante pelas mãos de Turno, da transformação de Enéias em guerreiro furioso e das questões éticas sobre a violência legítima.
Estudo da guerreira Camila, dos discursos do conselho latino e da progressão dramática em direção ao duelo final entre Enéias e Turno.
Análise do duelo entre Enéias e Turno, da hesitação de Enéias diante do vencido e do gesto final que encerra a epopeia — e as questões que ele deixa em aberto.
Síntese comparativa dos perfis heroicos, da função dos deuses e das concepções de moira (Homero) e fatum (Virgílio) nas três obras.
Discussão do papel de Homero como grande educador da Grécia (Werner Jaeger, Paideia) e de Virgílio como referência moral de Roma e da Europa medieval.
Panorama da influência dos poemas em Dante, Camões, Ariosto, Tasso e Milton, e das razões pelas quais cada época revisitou esses textos.
Reflexão sobre as leituras de Aristóteles, Santo Agostinho, T.S. Eliot, Werner Jaeger e Theodor Haecker à luz das questões filosóficas mais profundas dos poemas.
Orientações práticas sobre traduções recomendadas em português, obras de apoio e formas de continuar a leitura dos clássicos antigos.",Curso Avulso,Acesso completo a este curso,,,https://hotmart.com/em-breve,"Acesso ao curso completo por 1 ano
30 aulas em vídeo, totalizando 30h
Material de apoio e bibliografia indicada
Certificado digital de conclusão",,,,,https://hotmart.com/em-breve,grandes-epopeias-da-antiguidade,"Todos os cursos listados acima, com acesso por 1 ano
Material de apoio e certificado de todos os cursos",grandes-epopeias-da-antiguidade,false,false,23_PoemasEpicos.resposta.md,# As Grandes Epopeias da Antiguidade Clássica
patristica-agostinho-dionisio,Patrística: Agostinho e Dionísio Areopagita,gabriel-pinheiro,Filosofia e Formação do Juízo,/images/cursos/patristica-agostinho-dionisio.webp,O encontro entre fé cristã e filosofia grega que formou o pensamento ocidental.,"Há um momento em que o cristianismo deixa de ser apenas uma mensagem proclamada e passa a ser também um pensamento elaborado — e esse momento se chama Patrística. Este curso percorre o período que vai dos primeiros séculos da era cristã até o limiar da Idade Média, com atenção concentrada em duas figuras que sintetizam, de formas distintas, o encontro entre a fé bíblica e a filosofia grega: Santo Agostinho de Hipona e o Pseudo-Dionísio Areopagita.

O professor conduz a exposição com rigor histórico e filosófico, situando cada autor no seu contexto: as perseguições do Império Romano, as heresias que forçaram a precisão doutrinal, o fervilhar intelectual de Alexandria, a decadência da cultura latina e o neoplatonismo pagão de Plotino e Proclo como interlocutores inevitáveis. Não se trata de uma história eclesiástica, mas de uma história das ideias — de como conceitos como substância, pessoa, memória, iluminação e união foram sendo forjados no calor de disputas reais.

Agostinho aparece aqui não apenas como teólogo, mas como o primeiro pensador a mapear a subjetividade humana com profundidade sistemática — e como alguém cuja angústia interior ressoa de modo perturbadoramente contemporâneo. Dionísio, por sua vez, é apresentado como o pensador que traduziu a metafísica neoplatônica em linguagem cristã, legando à tradição ocidental as categorias da teologia mística, da hierarquia e da divinização. O curso se encerra com uma leitura panorâmica da transmissão das ideias platônicas até a escolástica medieval.",13,8,https://www.youtube.com/embed/JyKphLsZ2xY,"Leitores de filosofia ou teologia que querem entender as raízes intelectuais do pensamento cristão ocidental
Estudantes de humanidades que se deparam com Agostinho, Tomás de Aquino ou a mística medieval e precisam de um ponto de partida sólido
Pessoas de fé que desejam compreender por que a Igreja elaborou doutrinas como a Trindade e o que isso implica filosoficamente
Interessados em Platão e no neoplatonismo que querem ver como essas ideias sobreviveram e se transformaram no mundo cristão","Distinguir as características do pensamento latino e do pensamento grego oriental na formação do cristianismo antigo
Compreender o papel das heresias — especialmente o arianismo — na consolidação da doutrina cristã
Identificar as três hipóstases de Plotino e sua influência sobre a teologia cristã posterior
Analisar a conversão de Agostinho e a dupla exigência de crer para entender e entender para crer
Explicar a analogia trinitária da alma humana em Agostinho — memória, inteligência e vontade — e seus desdobramentos
Mapear as principais recepções do pensamento agostiniano do medievo até a modernidade, de Anselmo a Descartes
Compreender por que o Pseudo-Dionísio escreveu sob pseudônimo apostólico e o que isso revela sobre o contexto cultural do século V-VI
Distinguir as três teologias dionisianas — simbólica, discursiva e mística — e sua relação com os três movimentos da alma
Entender o conceito de tearquia em Dionísio e por que ele prefere esse termo ao nome Deus
Reconhecer a transmissão das ideias platônicas até a escolástica pelas vias patrística e greco-árabe","Muito do que chamamos de cultura ocidental — a noção de pessoa, a ideia de consciência, a distinção entre natureza e graça, a estrutura hierárquica das instituições, a linguagem da interioridade — tem raízes neste período que o curso percorre. Conhecer Agostinho e Dionísio não é exercício de arqueologia intelectual; é encontrar as categorias com que ainda pensamos, muitas vezes sem saber.

Para quem lida com questões de formação humana, educar o juízo exige compreender de onde vêm os conceitos que organizam nossa visão de realidade. A pergunta agostiniana sobre o sentido da própria história, a ideia dionisiana de que o homem é o elo entre o material e o espiritual, a convicção patrística de que a razão e a fé se informam mutuamente — tudo isso continua ativo nas formas como avaliamos instituições, julgamos decisões morais e tentamos dar coerência à nossa existência.","Aula 1 — Breve introdução: o cristianismo antigo e seu ambiente
Aula 2 — Patrística latina: gramática, retórica e formação moral
Aula 3 — O nascimento do neoplatonismo
Aula 4 — Santo Agostinho e o fim da cultura antiga
Aula 5 — Santo Agostinho, o primeiro homem moderno
Aula 6 — Santo Agostinho, Doctor Trinitatis
Aula 7 — A recepção do corpus agostiniano
Aula 8 — A Patrística Oriental
Aula 9 — O neoplatonismo tardio
Aula 10 — Dionísio, entre a lenda e o fato
Aula 11 — Simbolismo cósmico, metafísica e mística
Aula 12 — A recepção do corpus dionisiano
Aula 13 — Breve história das ideias platônicas no Ocidente até a escolástica","Apresenta o paleo-cristianismo, a rivalidade com o Império Romano, as escolas de Alexandria e Antioquia, o desafio ariano e o papel do Concílio de Niceia como marco doutrinal.
Examina o ethos prático do pensamento latino, o papel da gramática e da retórica na educação clássica, e como os cristãos latinos — de Tertuliano a Ambrósio de Milão — apropriaram esses instrumentos.
Percorre o platonismo desde a Academia até Plotino, expondo as três hipóstases — Uno, Espírito e Alma do Mundo — e a teologia negativa como resposta ao problema do princípio inexpressável.
Situa Agostinho na decadência do Império Romano, analisa sua formação em retórica, sua passagem pelo maniqueísmo e sua dupla conversão ao cristianismo e ao neoplatonismo sob a influência de Ambrósio.
Mostra por que Agostinho ainda é pertinente: a angústia como alimento interior, a reflexividade da alma, o diálogo do eu consigo mesmo como caminho para Deus, e a beleza como sentido da história.
Expõe a analogia psicológica da Trindade em Agostinho — memória orientada à beleza, inteligência à verdade e vontade ao bem — e as implicações dessa estrutura para a vida moral, estética e intelectual.
Mapeia as principais leituras de Agostinho ao longo da história: Boécio, Anselmo, Bernardo de Claraval, os franciscanos, Tomás de Aquino, Descartes, Pascal, os místicos carmelitas e a fenomenologia contemporânea.
Examina o Império Bizantino, as escolas de Alexandria e Antioquia, as heresias cristológicas e trinitárias, e os padres capadócios — Basílio, Gregório de Nissa e Gregório Nazianzeno — como inauguradores do neoplatonismo cristão oriental.
Analisa Jâmblico e a virada teúrgica do neoplatonismo, depois Proclo como o grande sistematizador pagão: as tríades, a dialética de imanência, processão e retorno, e o problema da linguagem simbólica.
Reconstrói a história crítica da figura do Pseudo-Dionísio: a confusão de identidades, a recepção medieval como autoridade apostólica, e os estudos do século XIX que identificaram a dependência dionisiana em relação a Proclo.
Expõe o núcleo do pensamento dionisiano: a tearquia como princípio divino, os três movimentos da alma (circular, espiral e retilíneo), as três teologias (mística, discursiva e simbólica) e o caminho de purificação, iluminação e união.
Percorre a influência de Dionísio do Ocidente ao Oriente: Máximo Confessor, Gregório Magno, Hugo de São Vítor, Alberto Magno, Boaventura, Tomás de Aquino, os místicos renanos, João da Cruz e os fenomenólogos contemporâneos.
Traça as vias de transmissão do platonismo até a Idade Média — a via patrística e a via greco-árabe, com a mediação dos cristãos de Bagdá — e mostra como essa herança formou pensadores tão distintos quanto Boaventura e Tomás de Aquino.",Curso Avulso,Acesso completo a este curso,,,https://hotmart.com/em-breve,"Acesso ao curso completo por 1 ano
13 aulas em vídeo, totalizando 8h
Material de apoio e bibliografia indicada
Certificado digital de conclusão",,,,,https://hotmart.com/em-breve,patristica-agostinho-dionisio,"Todos os cursos listados acima, com acesso por 1 ano
Material de apoio e certificado de todos os cursos",,false,false,24_Patristica.resposta.md,# Patrística: Agostinho e Dionísio Areopagita
mercantilismo,Mercantilismo,guilherme-almeida,História e Política,/images/cursos/mercantilismo.webp,"O movimento econômico que moldou nações, impérios e a própria ordem do mundo moderno.","O mercantilismo não é apenas um capítulo de livro didático — é a lógica que moveu caravelas, dividiu continentes e financiou impérios. Neste curso, o professor Guilherme Almeida percorre a grande movimentação econômica que dominou a Era Moderna, situando-a no cruzamento entre as Grandes Navegações, o absolutismo, a Reforma Protestante e o surgimento da burguesia como força histórica.

A abordagem é clara e direta: antes de falar em colônias e pactos comerciais, é preciso entender as quatro regras que estruturaram o mercantilismo — acúmulo de metais preciosos, balança comercial favorável, primazia das exportações sobre as importações e protecionismo interno. A partir daí, você acompanha como Portugal e Espanha, Holanda, França e Inglaterra cada uma à sua maneira operaram dentro dessa lógica, e por que os resultados foram tão distintos.

O curso não evita as tensões mais incômodas do período: o papel da religião católica e protestante na velocidade do desenvolvimento capitalista, a brutalidade do pacto colonial, e a maneira como o mercantilismo preparou o terreno para a Revolução Industrial. O tom é o de um professor que prefere a precisão dos conceitos ao simplismo das narrativas de mocinhos e vilões.",4,1,https://www.youtube.com/embed/JyKphLsZ2xY,"Estudantes de história que querem entender a economia da Era Moderna além do vestibular
Leitores curiosos sobre como o capitalismo se formou antes da Revolução Industrial
Professores de ensino médio que buscam uma narrativa integrada entre economia, religião e política
Pessoas que acompanham debates sobre globalização e querem raízes históricas sólidas","Distinguir o mercantilismo de outras formas históricas de comércio e troca
Identificar as quatro regras estruturantes do sistema mercantilista
Comparar as estratégias mercantilistas de Portugal, Espanha, Holanda, França e Inglaterra
Compreender por que o Tratado de Tordesilhas foi um divisor de águas econômico, não apenas geográfico
Relacionar a ética protestante, segundo Max Weber, ao desenvolvimento do capitalismo mercantil
Explicar o papel da burguesia como agente prático do mercantilismo europeu
Analisar o pacto colonial como mecanismo de extração sistemática nas colônias portuguesas e espanholas
Traçar a transição do mercantilismo para o capitalismo industrial a partir da experiência inglesa","Entender o mercantilismo é entender por que o mundo ficou arranjado da forma como ficou — por que certas nações acumularam riqueza enquanto outras permaneceram fornecedoras de matéria-prima, por que o Brasil desenvolveu uma estrutura econômica tão diferente da americana, e por que a separação entre capitalismo e religião nunca foi tão simples quanto parece.

Para quem acompanha discussões contemporâneas sobre desenvolvimento, dependência econômica ou mesmo sobre os limites morais do mercado, o mercantilismo oferece não uma resposta pronta, mas um espelho. As tensões que esse período colocou — entre acumulação e ética, entre protecionismo e abertura, entre metrópole e periferia — seguem vivas, apenas com outros nomes.","Aula 1 — O que é mercantilismo e suas quatro regras fundamentais
Aula 2 — Portugal, Espanha e a diferença entre seus domínios coloniais
Aula 3 — Protestantismo, burguesia e a expansão do capitalismo mercantil
Aula 4 — A Holanda, o Ato de Navegação inglês e a transição para a Revolução Industrial","Define o mercantilismo como fenômeno da Era Moderna, distingue-o de práticas comerciais anteriores e apresenta as quatro regras estruturantes: acúmulo de metais preciosos, balança comercial favorável, primazia das exportações e protecionismo.
Contrasta a estratégia mercantilista de Portugal e Espanha a partir do Tratado de Tordesilhas, mostrando como o tipo de riqueza disponível em cada território colonial — ouro imediato versus produtos tropicais — determinou trajetórias econômicas distintas.
Examina como a Reforma Protestante e a ética calvinista, analisadas por Max Weber em A Ética Protestante e o Espírito do Capitalismo, removeram freios morais ao lucro e impulsionaram o desenvolvimento mercantilista na Holanda, Inglaterra e países germânicos, em contraste com as nações católicas.
Acompanha a ascensão holandesa como potência marítima e comercial, o conflito com a Inglaterra resolvido pelo casamento de Guilherme de Orange com Mary Stuart, e mostra como a burguesia inglesa, fortalecida pela Bill of Rights, conduziu o mercantilismo à sua transformação em capitalismo industrial.",Curso Avulso,Acesso completo a este curso,,,https://hotmart.com/em-breve,"Acesso ao curso completo por 1 ano
4 aulas em vídeo, totalizando 1h
Material de apoio e bibliografia indicada
Certificado digital de conclusão",,,,,https://hotmart.com/em-breve,mercantilismo,"Todos os cursos listados acima, com acesso por 1 ano
Material de apoio e certificado de todos os cursos",,false,false,25_Mercantilismo.resposta.md,# Mercantilismo
era-napoleonica,Era Napoleônica,guilherme-almeida,História e Política,/images/cursos/era-napoleonica.webp,"A ascensão, o império e a queda do homem que redesenhou a Europa moderna.","Napoleão Bonaparte é uma das figuras mais polarizadoras da história ocidental: admirado como gênio militar e estadista, condenado como tirano sanguinário, e ainda hoje disputado pelos próprios franceses. O professor Guilherme Almeida conduz este curso com o olhar de quem enxerga Napoleão como chave de leitura para a grande transição entre o século XVIII e o XIX — entre o mundo das revoluções burguesas e a Europa que emergiu do Congresso de Viena.

Em três aulas, o curso percorre as três fases do governo napoleônico — o Consulado, o Império e os Cem Dias — sem perder de vista a dimensão política mais ampla: como um corso sem sangue nobre, formado numa escola militar de padres, tornou-se o árbitro da Europa? Como ele articulou Igreja, nobreza, burguesia e povo numa estrutura de poder radicalmente nova? E por que a sua derrocada, tanto quanto a sua ascensão, moldou o direito internacional moderno?

A perspectiva adotada é política e cultural ao mesmo tempo: Napoleão aparece aqui não apenas nos campos de batalha de Austerlitz ou Waterloo, mas também nas concordatas com o papado, nos símbolos pintados por Jacques-Louis David, no Código Civil que ainda hoje estrutura ordenamentos jurídicos em todo o mundo — e no bloqueio continental que mudou, de modo irreversível, a história do Brasil.",3,1,https://www.youtube.com/embed/JyKphLsZ2xY,"Leitores de história que querem compreender a transição entre os séculos XVIII e XIX
Estudantes que buscam uma introdução sólida à era napoleônica além do livro didático
Quem quer entender por que a história do Brasil passa pela política europeia de Napoleão
Pessoas interessadas em liderança política e na construção simbólica do poder","Distinguir as três fases do governo napoleônico e o que caracteriza cada uma
Explicar como Napoleão construiu sua legitimidade política sem sangue nobre
Analisar o Código Civil Napoleônico e seu impacto sobre burguesia, Igreja e camponeses
Compreender a concordata com a Igreja Católica como instrumento de poder estatal
Interpretar a autocoroação de Notre-Dame como ato simbólico de ruptura com a tradição papal
Relacionar o bloqueio continental napoleônico à vinda da família real portuguesa ao Brasil
Identificar as causas militares e políticas da derrota na campanha russa de 1812
Aplicar o conceito weberiano de dominação carismática à figura de Napoleão Bonaparte","Entender Napoleão é entender o momento em que o mundo ocidental decidiu o que seria o Estado moderno — centralizado, laico, codificado em leis escritas, capaz de mobilizar exércitos de 600 mil homens e de transformar um ateu corso no árbitro de Roma. Esse momento não ficou no passado: o Código Civil Napoleônico é ancestral direto de boa parte dos ordenamentos jurídicos latino-americanos, incluindo o brasileiro; o direito internacional que regula relações entre nações nasce, em grande medida, do Congresso de Viena convocado após a sua queda.

Para quem acompanha o noticiário político ou se pergunta como líderes constroem e perdem legitimidade, a era napoleônica oferece um laboratório histórico sem igual. A trajetória de Napoleão — da batalha de Ponte d'Arcole ao exílio em Santa Helena — é também uma aula sobre os limites da liderança carismática quando ela deixa de escutar e passa apenas a ordenar.","Aula 1 — O Nascimento de um Líder: da Córsega ao Consulado
Aula 2 — O Consulado: Construindo o Estado Napoleônico
Aula 3 — O Império, a Campanha Russa e a Queda","Traça a formação de Napoleão desde a escola militar de Brienne até o golpe do 18 Brumário, examinando como a crise do Diretório criou as condições para sua ascensão e a criação do Consulado em 1799.
Analisa as reformas do período 1799–1804 — o Código Civil, a concordata com a Igreja, o Banco da França e a Paz de Amiens —, mostrando como Napoleão consolidou poder ao acomodar simultaneamente nobreza, burguesia, clero e camponeses.
Examina a autocoroação em Notre-Dame e sua simbologia, as guerras napoleônicas, o bloqueio continental e seus efeitos sobre Portugal e Brasil, a catástrofe da invasão da Rússia, Waterloo e o exílio definitivo em Santa Helena.",Curso Avulso,Acesso completo a este curso,,,https://hotmart.com/em-breve,"Acesso ao curso completo por 1 ano
3 aulas em vídeo, totalizando 1h
Material de apoio e bibliografia indicada
Certificado digital de conclusão",,,,,https://hotmart.com/em-breve,era-napoleonica,"Todos os cursos listados acima, com acesso por 1 ano
Material de apoio e certificado de todos os cursos
Visão integrada da história política ocidental da modernidade ao século XIX",,false,false,26_EraNapoleonica.resposta.md,# Era Napoleônica
o-grande-seculo-xix,O Grande Século XIX,guilherme-almeida,História e Política,/images/cursos/o-grande-seculo-xix.webp,"O século que forjou o mundo atual, entre nacionalismos, impérios e a crise do homem europeu.","O século XIX não é apenas um período de transição entre a Era Napoleônica e a Grande Guerra — é o século em que os contornos do mundo contemporâneo foram desenhados com sangue, carvão e tinta. Neste curso, o professor Guilherme Almeida percorre esse período a partir de uma leitura histórica de fundo europeu, sem perder de vista os efeitos dessa centralidade sobre a África, a Ásia e as Américas.

A abordagem é ampla e deliberadamente conectiva: política, economia, arte e filosofia não são tratadas como gavetas separadas, mas como faces de um mesmo fenômeno — o surgimento de um homem novo, feito às pressas pela industrialização e esvaziado por dentro, como o descreveu Ortega y Gasset. Do Congresso de Viena ao assassinato do arquiduque Francisco Ferdinando, o curso traça o fio que liga a restauração monárquica de 1815 à deflagração de 1914.

Você encontrará aqui não apenas cronologia, mas interpretação. O professor dialoga com historiadores como Barbara Tuchman e Christopher Dawson, com literatos como Victor Hugo, Flaubert e Dostoiévski, e com pensadores como Nietzsche e Freud — todos convocados para iluminar o que foi, afinal, esse século que o próprio professor chama de ""grande"": não por ser glorioso, mas por ser denso, contraditório e decisivo.",6,2,https://www.youtube.com/embed/JyKphLsZ2xY,"Pessoas com interesse em história ocidental que querem entender as raízes do século XX
Leitores de literatura europeia do século XIX que desejam situar as obras no seu contexto histórico
Estudantes e autodidatas que buscam uma introdução ao nacionalismo, ao imperialismo e às suas consequências
Quem quer compreender por que a África e o Oriente Médio são o que são hoje","Compreender o significado político do Congresso de Viena e seus limites práticos
Distinguir liberalismo político, econômico e seus desdobramentos ao longo do século XIX
Analisar o nacionalismo como prática política fundada na aliança entre burguesia e aristocracia
Explicar os processos de unificação da Alemanha e da Itália e suas diferenças estruturais
Entender o imperialismo europeu e o neocolonialismo africano e asiático como consequências do tripé nacionalista
Identificar as cinco crises entre potências europeias que pavimentaram o caminho para a Primeira Guerra Mundial
Relacionar o impressionismo, a literatura realista e a filosofia nietzschiana ao caos social do fin de siècle
Reconhecer as origens históricas de conflitos contemporâneos na África e no Oriente Médio","Boa parte do que parece inexplicável no noticiário de hoje — guerras étnicas na África, tensões no Oriente Médio, a ascensão e queda de impérios econômicos — tem raízes diretas nas decisões tomadas no século XIX. Compreender esse período não é exercício de erudição: é uma forma de ganhar vocabulário para ler o presente com mais precisão e menos espanto.

Há também uma dimensão mais íntima nessa formação. O século XIX produziu o homem moderno — aquele ser descrito por Ortega y Gasset como ""feito às pressas"", carente de um centro, desconectado de tradições que davam sentido à existência. Reconhecer esse processo histórico ajuda a entender não apenas o mundo, mas algo da própria condição contemporânea: de onde vêm certas angústias, certas rupturas, certos impasses que ainda não foram resolvidos.","Aula 1 — O Congresso de Viena e os Ventos Liberais
Aula 2 — Nacionalismo, Imperialismo e a Primavera dos Povos
Aula 3 — As Unificações da Itália e da Alemanha
Aula 4 — Crises entre Potências e a Comuna de Paris
Aula 5 — O Fin de Siècle: Artes, Filosofia e a Crise do Homem
Aula 6 — O Congresso de Berlim, o Congo Belga e as Cinco Crises que Geraram a Guerra","Examina o Congresso de Viena de 1814-1815, a restauração monárquica na França, o reinado de Luís XVIII e Carlos X, e a Revolução de 1830 que instala o 'rei burguês' Luís Felipe de Orleans.
Define o nacionalismo como aliança entre burguesia e aristocracia, explica o neocolonialismo africano e asiático, analisa a Primavera dos Povos de 1848 e corrige a leitura anacrônica que a atribui ao socialismo marxista.
Contrasta os processos de unificação italiana e alemã, detalha o papel de Bismarck e do Zollverein, explica a Guerra Franco-Prussiana e a humilhação francesa na Sala dos Espelhos de Versalhes em 1871.
Mapeia as tensões entre as grandes potências europeias — revanchismo franco-alemão, pan-eslavismo russo contra a Áustria, rivalidade industrial anglo-alemã — e analisa a efêmera Comuna de Paris de 1871 e sua derrota.
Examina o impressionismo de Monet, Renoir e Degas, a literatura de Flaubert, Dostoiévski e Kafka, o pensamento de Nietzsche, Dawson e Ortega y Gasset, e o surgimento da sociologia, da antropologia e da psicanálise freudiana como respostas à crise existencial do século.
Analisa a partilha da África no Congresso de Berlim de 1884-1885, os crimes do rei Leopoldo II no Congo, e as cinco crises entre potências europeias que, somadas às alianças da Tríplice Aliança e da Tríplice Entente, convergiram para o assassinato de Francisco Ferdinando e a Primeira Guerra Mundial.",Curso Avulso,Acesso completo a este curso,,,https://hotmart.com/em-breve,"Acesso ao curso completo por 1 ano
6 aulas em vídeo, totalizando 2h
Material de apoio e bibliografia indicada pelo professor
Certificado digital de conclusão",,,,,https://hotmart.com/em-breve,o-grande-seculo-xix,"Todos os cursos listados acima, com acesso por 1 ano
Material de apoio e certificado de todos os cursos",,false,false,27_SecXIX.resposta.md,# O Grande Século XIX
inicio-seculo-xx-guerra-e-revolucao,Início do Século XX: Guerra e Revolução,guilherme-almeida,História e Política,/images/cursos/inicio-seculo-xx-guerra-e-revolucao.webp,As raízes da Primeira Guerra Mundial e da Revolução Russa explicadas com rigor e contexto.,"Em cinco aulas, o professor Guilherme Almeida reconstrói o encadeamento de crises, alianças e decisões que transformaram o início do século XX no maior laboratório de violência política que a Europa já conheceu. O ponto de partida não é 1914, mas o conjunto de tensões acumuladas ao longo do século XIX — o revanchismo franco-alemão, a disputa pelo leste eslavo, a corrida industrial que tirou da Inglaterra o título de ""oficina do mundo"" — e que tornaram a guerra não um acidente, mas uma consequência quase lógica de décadas de pressão acumulada.

A Revolução Russa recebe tratamento igualmente detalhado: da humilhação na Guerra Russo-Japonesa de 1905 e do Domingo Sangrento até a divisão entre mencheviques e bolcheviques, a chegada de Lenin num vagão blindado alemão e a instauração do terror vermelho sob Stalin. O professor traça com clareza a diferença entre a revolução de fevereiro e a de outubro de 1917, e explica por que essas duas datas importam para entender o que veio depois.

O curso fecha com o Tratado de Versalhes — analisado em suas dimensões política, militar e econômica — e com os ""loucos anos 20"", período em que a euforia parisiense e o puritanismo americano revelam, cada um à sua maneira, o quanto as certezas do mundo pré-guerra haviam se despedaçado. A abordagem é introdutória e panorâmica, pensada como porta de entrada para quem quer compreender o século XX a partir de suas fundações.",5,2,https://www.youtube.com/embed/JyKphLsZ2xY,"Leitores de história que querem entender o século XX além das datas e batalhas
Estudantes e vestibulandos que precisam de uma visão estruturada do período 1914–1922
Pessoas que já fizeram o curso sobre o Século XIX da Tutora e querem dar continuidade
Quem sente dificuldade em conectar a Primeira Guerra Mundial à ascensão do nazismo e do comunismo","Identificar as cinco crises entre as potências europeias que antecederam a Primeira Guerra Mundial
Distinguir a Tríplice Entente da Tríplice Aliança e explicar como as alianças transformaram um conflito regional em guerra continental
Compreender o papel do nacionalismo escolar na formação de exércitos de voluntários
Narrar as três fases da Primeira Guerra — movimento, trincheiras e entrada dos EUA — e suas causas específicas
Explicar por que a Rússia czarista estava estruturalmente vulnerável a uma revolução no início do século XX
Diferenciar as agendas de mencheviques e bolcheviques e entender por que Lenin, e não Kerensky, saiu vitorioso
Analisar o Tratado de Versalhes em suas dimensões política, militar e econômica e suas consequências para a Alemanha
Relacionar o Tratado de Versalhes à crise de 1929 e ao surgimento do nazismo
Situar os 'loucos anos 20' como resposta cultural ao colapso das certezas do mundo pré-guerra","Boa parte das perguntas que o século XXI ainda não consegue responder — por que democracias entram em colapso, como regimes totalitários conquistam legitimidade popular, o que acontece quando tratados de paz são desenhados para humilhar em vez de estabilizar — têm suas respostas esboçadas nos anos entre 1914 e 1929. Estudar esse período não é exercício de erudição: é adquirir uma gramática para ler o presente.

Entender como a Alemanha passou de potência industrial a nação humilhada em menos de uma geração, ou como a Rússia czarista se tornou a União Soviética em menos de dois anos, obriga a pensar com mais rigor sobre a fragilidade das instituições e sobre o peso que crises econômicas e simbólicas têm sobre a política. Este curso oferece essa lente — sem simplificações, mas também sem exigir formação prévia em história acadêmica.","Aula 1 — As Cinco Crises e as Alianças que Tornaram a Guerra Inevitável
Aula 2 — A Primeira Guerra Mundial: das Trincheiras ao Armistício
Aula 3 — A Rússia às Vésperas da Revolução
Aula 4 — Fevereiro e Outubro: as Duas Revoluções de 1917
Aula 5 — Versalhes, os Loucos Anos 20 e as Sementes da Próxima Guerra","Apresenta o contexto europeu de fins do século XIX, detalha as cinco crises entre as potências — de Alsácia-Lorena ao assassinato de Francisco Ferdinando — e explica como a Tríplice Entente e a Tríplice Aliança converteram um conflito regional em guerra mundial.
Percorre as três fases do conflito — guerra de movimento, guerra de trincheiras e entrada dos EUA em 1917 —, com atenção ao episódio da Trégua de Natal de 1914 e à análise dos motivos econômicos que levaram Washington a intervir.
Reconstrói o panorama russo entre 1905 e 1917: a derrota para o Japão na Manchúria, a crise do carvão, o Domingo Sangrento, o desgaste simbólico de Nicolau II com a figura de Rasputin e o surgimento dos sovietes como base social da oposição.
Distingue a revolução menchevique de fevereiro, liderada por Kerensky, da tomada bolchevique de outubro sob Lenin, explica o papel do vagão blindado alemão e das Teses de Abril, e acompanha a institucionalização da URSS, o terror vermelho e a disputa Stalin-Trotsky.
Analisa o Tratado de Versalhes nas dimensões política, militar e econômica, conecta suas cláusulas à crise de 1929 e ao terreno fértil para o nazismo, e encerra com os 'loucos anos 20' parisienses e americanos como sintoma do colapso das certezas do mundo pré-guerra.",Curso Avulso,Acesso completo a este curso,,,https://hotmart.com/em-breve,"Acesso ao curso completo por 1 ano
5 aulas em vídeo, totalizando 2h de conteúdo
Material de apoio e bibliografia indicada
Certificado digital de conclusão",,,,,https://hotmart.com/em-breve,inicio-seculo-xx-guerra-e-revolucao,"Todos os cursos listados acima, com acesso por 1 ano
Material de apoio e certificado de todos os cursos",,false,false,28_SecXX.resposta.md,# Início do Século XX: Guerra e Revolução
imaginario-crianca-moderna,O Imaginário da Criança Moderna,marcelo-gonzaga,Educação dos Filhos,/images/cursos/imaginario-crianca-moderna.webp,O que e como sua família transmite molda a visão de mundo da criança — não a escola.,"Há uma crença difundida de que educar bem é escolher a escola certa, pagar mensalidades e torcer para que os especialistas façam o resto. Marcelo Gonzaga — formado em Direito, História e com pós-graduação em Educação, além de mais de quinze anos de experiência docente — desmonta essa expectativa com o cuidado de quem conhece os dois lados do processo: o teórico e o vivido.

O curso parte de uma pergunta simples que raramente recebe resposta honesta: para onde, afinal, estamos conduzindo as crianças? Sem um objetivo claro, a educação não deixa de ter direção — ela apenas delega essa direção a outros: ao Estado, ao mercado, à tela acesa na sala. A partir dessa constatação, Gonzaga examina como o imaginário da criança é formado pela rotina familiar, pelos modelos que os pais encarnam, pelas histórias que ela ouve e pelos entretenimentos que consome.

O tom é direto e, em alguns momentos, deliberadamente incômodo. O professor não oferece fórmulas, mas convida os pais a assumirem a responsabilidade que não pode ser terceirizada: conhecer aquela criança específica, perceber o que ela absorve, e fazer escolhas conscientes sobre o que se quer preservar e cultivar nela.",9,3.5,https://www.youtube.com/embed/JyKphLsZ2xY,"Pais que sentem que algo vai mal na educação dos filhos, mas não sabem nomear o quê
Mães e pais que trabalham fora e querem aproveitar melhor o tempo em família
Educadores domésticos ou escolares que desejam fundamentar suas escolhas pedagógicas
Avós ou cuidadores que participam ativamente da criação de crianças pequenas
Pais preocupados com o impacto de telas, jogos e entretenimento no desenvolvimento dos filhos","Compreender por que a ausência de um objetivo claro na educação não é neutralidade
Distinguir a valorização da infância da valorização da infantilidade
Identificar como a rotina familiar forma o imaginário e os critérios de julgamento da criança
Avaliar criticamente desenhos, filmes, jogos e livros voltados ao público infantil
Reconhecer o papel insubstituível dos pais como modelos — não apenas como provedores
Entender por que tratar a criança como um elemento genérico compromete sua educação
Usar jogos, leituras em voz alta e brincadeiras compartilhadas como ferramentas formativas
Aplicar tipologias e esquemas educacionais como auxílio, não como regramento absoluto
Estabelecer prioridades educativas realistas, reconhecendo os limites do possível","A maior parte das decisões que moldamos em um ser humano não é tomada diante de livros didáticos, mas no cotidiano: o que se come no jantar e com quem, o que toca no rádio do carro, como os pais falam um com o outro quando estão cansados, que tipo de história é lida antes de dormir. São essas experiências repetidas, não as excepcionais, que formam o que a criança entende por normal e possível.

Este curso importa porque coloca o foco onde ele precisa estar: na relação concreta entre adultos e uma criança específica, não em teorias abstratas sobre a criança em geral. Quem educa sem saber para onde quer chegar não deixa de educar — apenas entrega essa tarefa a quem tiver mais constância. Perceber isso a tempo é, em si, um ato formativo.","Aula 1 — Educação: conduzir para onde?
Aula 2 — A rotina dos pais e o que ela ensina
Aula 3 — A rotina da criança dentro e fora de casa
Aula 4 — O que forma o imaginário: mídias, jogos e convivência
Aula 5 — Desenhos, filmes e a direção do imaginário
Aula 6 — Jogos eletrônicos: imersão, escapismo e limites
Aula 7 — Livros infantis: o que serve e o que não serve
Aula 8 — Alternativas concretas: jogos, leitura e educação do gosto
Aula 9 — Cada criança é uma criança: tipologias, limites e objetivo final","Apresenta a etimologia da educação como condução e argumenta que, sem finalidade definida, o processo é ocupado por objetivos alheios à família — do modelo espartano ao cidadão consumidor moderno.
Examina como a rotina do casal — o cansaço, a divisão de atenção, a postura diante das dificuldades — forma no imaginário da criança seu modelo de vida adulta, usando o filme A Vida é Bela como ilustração do sacrifício educativo.
Descreve o cotidiano típico da criança entre escola e família, mostrando como a falta de diálogo real, a escolha da escola por conveniência e a ausência de interesse dos pais pelo que é ensinado comprometem a formação.
Introduz o conceito de imaginário como janela do possível e discute como televisão, jogos eletrônicos, livros e convivência ampliam ou restringem a capacidade da criança de conceber a realidade.
Analisa como o entretenimento infantil conduz ativamente a imaginação da criança, contrastando versões antigas e recentes de histórias como Mulan e A Pequena Sereia para mostrar mudanças de orientação moral.
Distingue a experiência passiva dos filmes da experiência participativa dos jogos, discute o valor formativo do jogo como autoconhecimento e alerta para o risco do escapismo quando a realidade virtual substitui a real.
Contrasta as fábulas de Esopo com a produção infantil contemporânea, apresenta as três formas de escrever para crianças segundo C.S. Lewis e defende a leitura em voz alta e a rigidez do livro como experiências formativas.
Oferece propostas práticas de convivência — brincar junto, ler em voz alta, cantar em família — e alerta para mensagens implícitas no entretenimento infantil, com análise de músicas do Mundo Bita como exemplo.
Discute o uso responsável de tipologias como os quatro temperamentos, defende o registro das observações sobre a criança específica e encerra com uma perspectiva realista sobre o melhor resultado possível na educação.",Curso Avulso,Acesso completo a este curso,,,https://hotmart.com/em-breve,"Acesso ao curso completo por 1 ano
9 aulas em vídeo, totalizando 3,5h
Material de apoio e bibliografia indicada
Certificado digital de conclusão",,,,,https://hotmart.com/em-breve,imaginario-crianca-moderna,"Todos os cursos listados acima, com acesso por 1 ano
Material de apoio e certificado de todos os cursos",,false,false,30_ImaginarioCrianca.resposta.md,# O Imaginário da Criança Moderna
brasil-mapas-cartas,Brasil: Mapas e Cartas,jorge-pimentel-cintra,História e Política,/images/cursos/brasil-mapas-cartas.webp,A história do Brasil lida a partir dos documentos e mapas que a registraram em primeira mão.,"O Brasil não nasceu apenas de um feito heróico ou de um decreto — nasceu de cartas escritas a bordo de naus, de medições astronômicas feitas em praias desconhecidas, de mapas desenhados com tinta ferrogálica e penas de ganso, de tratados negociados em salas europeias com base em documentos que distorciam propositalmente a geografia. Este curso percorre essa história pelo caminho mais direto: os documentos originais.

O professor Jorge Pimentel Cintra, engenheiro, cartógrafo e historiador, conduz uma leitura comentada das fontes primárias da história colonial brasileira — da Carta de Pero Vaz de Caminha à Carta de Mestre João, do mapa de Luiz Teixeira ao Mapa das Cortes que embasou o Tratado de Madri. A perspectiva é a de quem une rigor científico ao prazer da investigação: cada documento é interrogado, comparado com outros, submetido à crítica e, quando necessário, corrigido.

O resultado é uma visão do Brasil colonial que vai da praia de Porto Seguro em 1500 até a diplomacia do Barão do Rio Branco e a Independência — sempre ancorada em fontes, sempre disposta a questionar o que se repete há décadas nos livros didáticos. O tom é o de quem pesquisa de verdade: sem papagaios, sem certezas fáceis, com a honestidade de quem vai até os originais.",6,12,https://www.youtube.com/embed/JyKphLsZ2xY,"Professores de história que querem fundamentar suas aulas em fontes primárias brasileiras
Interessados em cartografia histórica e na formação territorial do Brasil
Leitores curiosos sobre como se lê e critica um documento histórico de 500 anos
Pesquisadores amadores que desejam aprender metodologia de pesquisa histórica com rigor
Brasileiros que querem entender como o país foi cartografado, demarcado e consolidado","Ler e interpretar criticamente a Carta de Pero Vaz de Caminha como documento histórico
Compreender os instrumentos e métodos de navegação e determinação de latitude em 1500
Analisar a Carta de Mestre João e seu papel na história da cartografia brasileira
Identificar erros e distorções nos mapas históricos das capitanias hereditárias
Distinguir a tese do achamento acidental da tese da descoberta intencional do Brasil
Entender como o sistema de sesmarias e capitanias organizou o território colonial
Reconstruir o conflito entre jesuítas, colonos e indígenas em São Paulo colonial
Explicar como o Tratado de Madri e o Mapa das Cortes definiram as fronteiras do Brasil
Rastrear a formação territorial brasileira desde Tordesilhas até os tratados da República
Aplicar técnicas de crítica documental a mapas, cartas e transcrições históricas","Entender como o Brasil foi registrado — em cartas, mapas e tratados — é entender como as decisões sobre quem manda, quem possui e quem pertence a este território foram tomadas. Não é uma curiosidade erudita: é a base para compreender disputas de fronteira que duraram séculos, a lógica da colonização, os mecanismos pelos quais povos foram dominados ou protegidos, e o modo como documentos — fidedignos ou adulterados — moldaram a realidade.

Quem aprende a ler esses documentos com atenção crítica aprende também a não aceitar passivamente o que está escrito em qualquer lugar. O mesmo método que revela um erro no mapa de Luiz Teixeira ou uma distorção propositada no Mapa das Cortes serve para examinar qualquer narrativa que se apresente como definitiva. Esse curso oferece, ao mesmo tempo, história do Brasil e uma escola de método.","Aula 1 — A Carta de Pero Vaz de Caminha: leitura comentada
Aula 2 — A Carta de Mestre João: astronomia, latitude e cartografia
Aula 3 — Sesmarias, capitanias hereditárias e o mapa de Luiz Teixeira
Aula 4 — São Paulo colonial: colonos, jesuítas e indígenas
Aula 5 — Tratados e fronteiras: de Tordesilhas ao Tratado de Madri
Aula 6 — A Independência do Brasil: contexto, atores e o 7 de setembro","Guia de leitura da carta de 1500, com análise do itinerário da frota, do primeiro encontro com os indígenas, da primeira missa e do debate sobre se o achamento foi acidental ou intencional.
Leitura paleográfica e crítica da carta de Mestre João, detalhando a primeira medição de latitude no Brasil, o uso do astrolábio e das tabelas de Abraão Zacuto, e a primeira descrição do céu austral.
Análise crítica do mapa de Luiz Teixeira, identificação de seus erros históricos e cartográficos, e apresentação da proposta alternativa de redesenho das capitanias hereditárias baseada nas cartas de doação originais.
Reconstituição da história de São Paulo a partir das atas da câmara e mapas coloniais, com análise do conflito entre escravismo bandeirante e a ação catequética e humanitária dos jesuítas.
Percurso pelos tratados que definiram o território brasileiro — Alcáçovas, Tordesilhas, Madri, Santo Ildefonso —, com análise do Mapa das Cortes e das expedições de demarcação no interior do Brasil.
Reconstituição dos acontecimentos de 1821 a 1822 — a vinda da família real, a Revolução do Porto, o papel de José Bonifácio e a sequência de fatos que culminou na proclamação às margens do Ipiranga.",Curso Avulso,Acesso completo a este curso,,,https://hotmart.com/em-breve,"Acesso ao curso completo por 1 ano
6 aulas em vídeo, totalizando 12h de conteúdo
Material de apoio e bibliografia indicada
Certificado digital de conclusão",,,,,https://hotmart.com/em-breve,brasil-mapas-cartas,"Todos os cursos listados acima, com acesso por 1 ano
Material de apoio e certificado de todos os cursos",,false,false,31_BrasilMapasCartas.resposta.md,# Brasil: Mapas e Cartas
dante-e-a-literatura,Dante e a Literatura,marcos-boeira,Literatura e Cultura,/images/cursos/dante-e-a-literatura.webp,"Uma travessia pela obra de Dante Alighieri, do Dolce Stil Novo à Divina Comédia.","Dante Alighieri não é apenas o maior poeta da tradição italiana: é um ponto de confluência entre mundos que raramente se encontram com tanta harmonia. Neste curso, Marcos Boeira conduz você por toda a extensão da obra dantesca — das rimas juvenis e da Vita Nova ao De vulgari eloquentia e ao Convívio, até a arquitetura monumental da Divina Comédia — mostrando como cada uma dessas obras responde a tensões filosóficas, políticas e literárias muito concretas.

A perspectiva adotada é ao mesmo tempo histórica e filosófica. O curso parte da encruzilhada cultural em que Dante se encontrava — entre a teologia escolástica de Alberto Magno e Tomás de Aquino, o aristotelismo radical de Guido Cavalcanti e a poética do Dolce Stil Novo — para entender o que de singular ele construiu ao articular essas correntes em uma obra que não se encaixa em nenhum gênero literário anterior.

A análise da Divina Comédia ocupa o centro do curso. Você percorrerá os nove círculos do Inferno, do Purgatório e do Paraíso à luz da ética aristotélica, da teologia escolástica e da tradição mitopoética greco-latina, com atenção especial a personagens como Francesca da Rimini, Farinata degli Uberti, Pierre de la Vigne e São Tomás de Aquino. A última aula propõe uma leitura contemporânea: de que modo os vícios e virtudes que Dante retratou no século XIV iluminam as formas de vida do nosso tempo.",10,9,https://www.youtube.com/embed/JyKphLsZ2xY,"Leitores da Divina Comédia que querem compreender o que subjaz à obra além da narrativa
Estudantes de filosofia medieval interessados nos debates entre escolástica e aristotelismo radical
Professores de literatura e humanidades que buscam fundamentos para trabalhar Dante em sala
Pessoas formadas em qualquer área que queiram uma introdução séria à tradição literária ocidental
Leitores que percebem na literatura clássica um instrumento de compreensão do tempo presente","Situar Dante na encruzilhada entre escolástica, Dolce Stil Novo e aristotelismo radical
Distinguir os conceitos de nobreza, amor, beleza e gentileza na poética do Dolce Stil Novo e na poética escolástica
Identificar as influências de Virgílio, Guinizelli e Cavalcanti na obra dantesca
Compreender a cronologia e os gêneros literários da opera omnia de Dante, das rimas ao De vulgari eloquentia
Analisar a estrutura métrica da Divina Comédia e o uso da tercina encadeada como recurso narrativo
Percorrer os quatro níveis de interpretação da Comédia: histórico-literal, alegórico, tropológico e anagógico
Descrever os nove círculos do Inferno e relacioná-los à ética das virtudes de Aristóteles
Interpretar as figuras alegóricas centrais da obra — Virgílio, Beatriz, as três feras — em seus sentidos filosóficos e teológicos
Reconhecer os graus da humildade e da soberba, segundo São Bernardo, como chave de leitura do Paraíso
Aplicar categorias dantescas — incontinência, malícia, traição — à análise crítica do tempo presente","Ler Dante com atenção é uma das formas mais eficazes de escapar da amnésia cultural que caracteriza o tempo presente. A Divina Comédia não é um monumento a ser admirado de longe: é uma obra que diagnostica com precisão cirúrgica as deformações do caráter humano — a luxúria, a soberba, a avareza, a traição — e propõe, em contrapartida, um itinerário de autoconhecimento.

Quem se depara com as questões que Dante coloca — qual é o preço de uma vida dominada pelos apetites? o que significa perseguir o bem segundo a razão? como a fé e a razão se articulam sem se destruir? — percebe rapidamente que essas não são perguntas medievais. São perguntas de qualquer pessoa que toma a sério a própria existência. Este curso oferece as ferramentas filosóficas e literárias para fazer essa leitura com rigor, sem reduzir Dante a alegoria decorativa nem a curiosidade histórica.","Aula 1 — Introdução: Dante, o Contexto e as Influências
Aula 2 — O Aristotelismo Radical e o Dolce Stil Novo
Aula 3 — A Opera Omnia de Dante: Rimas e Vita Nova
Aula 4 — De Vulgari Eloquentia: a Língua Vulgar como Língua Ilustre
Aula 5 — O Convívio e a Filosofia como Caminho para a Beatitude
Aula 6 — Introdução à Divina Comédia: Estrutura, Gênero e Níveis de Leitura
Aula 7 — O Inferno: os Nove Círculos e a Ética dos Vícios
Aula 8 — Cantos Selecionados do Inferno: Francesca, Farinata, Anastásio e Pierre
Aula 9 — Purgatório e Paraíso: os Nove Círculos da Purificação e da Beatitude
Aula 10 — Dante e o Tempo Presente: Vícios, Política e Autoconhecimento","Apresenta a vida política de Dante em Florença, a disputa entre Guelfos Brancos e Negros, o exílio e a encruzilhada cultural entre escolástica, Dolce Stil Novo e aristotelismo radical.
Analisa o aristotelismo radical de Cavalcanti e da Escola de Pádua, contrasta os conceitos de nobreza, amor, beleza e gentileza entre a poética escolástica e o Dolce Stil Novo, com leitura do poema de Guinizelli.
Apresenta cronologicamente a produção dantesca, distingue os quatro tipos de rimas — Dona Gentile, pargolette, lírica doutrinal e canzoni pietrose — e examina seus cinco elementos retórico-estilísticos centrais.
Examina o tratado em latim no qual Dante defende a estatura científica e poética do italiano, expondo a hierarquia dos estilos, os três tipos de argumentos admitidos na poética e as características do vulgar ilustre.
Analisa o Convívio como obra filosófica que articula a antropologia aristotélica, o desejo natural pelo saber e a progressiva transfiguração da Dona Gentile em figura alegórica da filosofia e da teologia.
Apresenta a estrutura tripartida da Comédia, a métrica da tercina encadeada, os quatro níveis de interpretação — histórico, alegórico, tropológico e anagógico — e o significado das três feras do Canto I.
Percorre os nove círculos do Inferno, relacionando cada um à distinção aristotélica entre incontinência, malícia e bestialidade, com atenção às figuras de Caronte, Minos, Pluto, Medusa e Lúcifer.
Analisa em detalhe os cantos V, X, XI e XIII, examinando o amor adúltero de Francesca e Paolo, a soberba de Farinata, a heresia do Papa Anastásio e o suicídio de Pierre de la Vigne.
Apresenta o Monte do Purgatório com seus sete P's e os nove círculos do Paraíso — da Lua ao Empíreo — com destaque para São Tomás, São Boaventura, Justiniano, São Bernardo e a súplica à Virgem no Canto XXXIII.
Propõe uma leitura contemporânea da Comédia, relacionando os pecados dantescos ao niilismo, à sociedade do espetáculo, à necropolítica e ao problema do homem vazio, com referências a Arendt, Agamben, Lukács e Ortega y Gasset.",Curso Avulso,Acesso completo a este curso,,,https://hotmart.com/em-breve,"Acesso ao curso completo por 1 ano
10 aulas em vídeo, totalizando 9h
Material de apoio e bibliografia indicada
Certificado digital de conclusão",,,,,https://hotmart.com/em-breve,dante-e-a-literatura,"Todos os cursos listados acima, com acesso por 1 ano
Material de apoio e certificado de todos os cursos",,false,false,32_DanteLiteratura.resposta.md,# Dante e a Literatura
guia-das-emocoes,O Guia das Emoções,marcelo-danucalov,Filosofia e Formação do Juízo,/images/cursos/guia-das-emocoes.webp,"Uma travessia pelos fundamentos filosóficos, neurobiológicos e práticos da vida emocional humana.","Emoções não são ruído que atrapalha o pensamento — são a matéria-prima de toda experiência humana significativa. Este curso parte dessa premissa para construir, aula a aula, uma compreensão sólida do que são as emoções, de onde vêm, como se somatizam no corpo e de que maneira moldam nossas decisões, relações e memórias.

Marcelo Danucalov conduz a investigação a partir de uma formação que cruza neurociências, farmacologia, filosofia clínica e filosofia antiga. A abordagem é integradora e deliberadamente histórica: o curso começa na mitologia grega, passa por Platão, Aristóteles e Spinoza, percorre a psicologia moderna com olho crítico — avaliando psicanálise, behaviorismo e terapia cognitivo-comportamental — e desemboca em neurobiologia contemporânea, temperamentos e práticas meditativas com respaldo científico.

O tom é direto e sem condescendência. Danucalov não poupa críticas à psicologia que promete autoestima sem conquista ou autoperdão sem reparação, e tampouco ignora o peso que a neurobiologia tem sobre o caráter — incluindo os temperamentos herdados. O resultado é um guia que respeita a complexidade do ser humano sem transformá-la em desculpa.

Ao longo de trinta aulas, você encontrará perguntas práticas para fazer a si mesmo, exercícios como a coluna esquerda e a meditação da compaixão, e uma leitura crítica de obras de Spinoza, Daniel Goleman, Paul Ekman e outros. O curso é exigente, mas acessível; filosófico, mas encarnado.",30,16,https://www.youtube.com/embed/JyKphLsZ2xY,"Pais que querem entender o desenvolvimento afetivo dos filhos e educar com mais consistência
Adultos que reconhecem dificuldade em nomear, expressar ou gerir as próprias emoções
Leitores de filosofia e psicologia que buscam uma síntese histórica e crítica do tema
Educadores e terapeutas que desejam fundamentar sua prática em uma tradição intelectual clara
Pessoas insatisfeitas com abordagens psicológicas que privilegiam autoindulgência em vez de amadurecimento","Distinguir emoção, sentimento, desejo e sensação com precisão conceitual e prática
Compreender como a mitologia grega e a filosofia antiga abordaram a questão dos afetos
Analisar criticamente psicanálise, behaviorismo e terapia cognitivo-comportamental à luz da tradição filosófica
Aplicar as seis formas de liberdade parcial propostas por Spinoza na gestão dos próprios afetos
Identificar os padrões respiratórios associados a diferentes estados emocionais e usá-los para regulação
Praticar técnicas meditativas — estado aberto, meditação da compaixão, atenção à respiração — com base neurocientífica
Reconhecer o papel do sistema nervoso autônomo simpático e parassimpático na resposta emocional e imunológica
Compreender como temperamentos herdados (emotividade, atividade, repercussão) influenciam o comportamento e a educação dos filhos
Usar a técnica da coluna esquerda para desintoxicar conversas difíceis e verbalizar necessidades não ditas
Relacionar qualidade das emoções com saúde física, a partir do eixo psiconeuroimunoendocrinológico","Saber o que você está sentindo — e por quê — não é luxo intelectual. É a condição para não deixar que a raiva feche uma relação importante, que o medo paralise uma decisão necessária ou que a culpa não reparada se transforme em ressentimento crônico. A maioria das pessoas chega à meia-idade sem ter refletido sistematicamente sobre sua própria vida emocional, conduzida por reações que nunca foram nomeadas, muito menos investigadas.

Este curso não promete equilíbrio imediato. Promete algo mais útil: um mapa. Com ele, você passa a entender o que está acontecendo quando é sequestrado por uma emoção, consegue fazer perguntas melhores aos seus filhos, reconhece quando um conflito é sobre necessidades não verbalizadas e não sobre o que parece ser, e começa a identificar quais traços do seu temperamento são herança e quais são hábito — e, portanto, podem ser modificados.","Aula 1 — Emoções, cérebro e corpo
Aula 2 — Os quatro discursos e a educação afetiva
Aula 3 — Mitologia grega e o nascimento dos afetos
Aula 4 — O nascimento da filosofia e a psicologia dos antigos
Aula 5 — Platão: corpo, alma e a parábola da biga
Aula 6 — Aristóteles e a ética das virtudes
Aula 7 (parte 1) — Definição de emoção e as emoções básicas
Aula 7 (parte 2) — Memória emocional e educação afetiva
Aula 7 (parte 3) — Amígdala, ínsula e emoções básicas
Aula 8 — Crenças, sentimentos e a coluna esquerda
Aula 9 — A história e o pedido de cada emoção
Aula 10 — Crítica à psicologia contemporânea
Aula 11 — Responsabilidade pelas próprias emoções
Aula 12 — Respiração, sequestro emocional e práticas meditativas
Aula 13 — Pensamentos, obsessão e meditação ativa
Aula 14 — Presença, abstração e caso clínico
Aula 15 — Spinoza e a inteligência emocional
Aula 16 — As seis formas de liberdade parcial segundo Spinoza
Aula 17 — Goleman, Ekman e a síntese prática
Aula 18 — Neurônios, conexões e memória emocional
Aula 19 — Consciência, livre-arbítrio e estados alterados
Aula 20 — Yoga, budismo e mindfulness
Aula 21 — Psiconeuroimunoendocrinologia
Aula 22 — Metabolismo, temperatura e controle psicofísico
Aula 23 — O cérebro durante a meditação
Aula 24 — Sistema nervoso autônomo e emoção
Aula 25 — Serotonina, betaendorfina e bem-estar
Aula 26 — Assimetria cortical e temperamentos
Aula 27 — Repercussão, primariedade e secundariedade
Aula 28 — Rapport, imitação e o sorriso verdadeiro
Aula 29 — Ocitocina, expectativas e a química do amor
Aula 30 — Síntese final e o amor como modo de ser","Introduz a relação entre neurobiologia e emoção, mostra como os afetos se somatizam no corpo inteiro e se externalizam na percepção do mundo, com exemplos de atletas paraplégicos e pinturas de Van Gogh.
Apresenta a teoria aristotélica dos quatro discursos — poético, retórico, dialético e lógico — e correlaciona seu surgimento histórico com o desenvolvimento ontogenético do cérebro, argumentando que a base emocional precede e sustenta a razão.
Percorre a Teogonia de Hesíodo para mostrar como as primeiras divindades gregas personificam forças emotivas brutas, e como o mito ordenou sociedades antes da filosofia, com indicação de leituras de Junito de Souza Brandão, Jordan Peterson e Joseph Campbell.
Examina a transição do pensamento mitológico para o filosófico, apresenta os pré-socráticos e os quatro temperamentos gregos, e argumenta que todos os grandes filósofos foram, em algum sentido, psicólogos da alma.
Analisa o dualismo platônico, a divisão da alma em racional, irascível e concupiscente, e confronta a ética da temperança de Platão com a ideia freudiana de desejos incomprimíveis e suas consequências culturais.
Percorre a Ética a Nicômaco para apresentar a arete, a mediania como virtude e exemplos concretos — coragem, temperança, magnificência, paciência — comparando com Buda e Confúcio e a obra de Lou Marinoff.
Define emoção como impulso psicofisiológico para a ação, distingue emoção de sentimento, e convida o aluno a listar e investigar as emoções que conhece, com apresentação da obra de Eric Kandel sobre memória e neurônios.
Explica como emoções reforçam a formação de memórias sinápticas, por que professores e experiências emocionalmente marcantes são lembrados, e o que pais e educadores podem fazer para que ensinamentos sejam retidos.
Apresenta as bases neurais do medo (amígdala) e do nojo (ínsula), discute como o nojo se sutiliza em repulsa ética, e oferece um panorama das seis emoções básicas universais identificadas pela expressão facial.
Mapeia o ciclo crença–pensamento–emoção–comportamento–resultado, diferencia os múltiplos usos do verbo 'sentir', e ensina a técnica da coluna esquerda para desintoxicar conversas difíceis e verbalizar o que não foi dito.
Propõe investigar cada emoção por sua história genérica e pelo que ela 'pede' — tristeza pede introspecção, medo pede esquiva e prudência, culpa pede reparação, chateação pede reclamação efetiva — e critica a psicologia que medica luto e dispensa a culpa.
Examina psicanálise, behaviorismo e terapia cognitivo-comportamental, identificando contribuições e limites de cada escola, e argumenta que autoamor, autoestima e autoperdão prematuros podem impedir o amadurecimento real.
Defende que emoções são fruto de modelos mentais internos e não causadas pelo outro, apresenta o conceito de profecias autorrealizadoras em relacionamentos, e conecta necessidades emocionais às camadas de amadurecimento da personalidade.
Explica a fisiologia da respiração e sua relação com cada estado emocional, apresenta o suspiro depressivo como fenômeno fisiológico, e introduz as técnicas de estado aberto e meditação da compaixão como ferramentas de gestão emocional.
Distingue pensamento conduzido de pensamento obsessivo, explica o TOC como caso limite, e aprofunda as técnicas meditativas — incluindo a meditação da compaixão budista e a oração cristã como práticas equivalentes em seus efeitos cerebrais.
Apresenta um caso clínico de adolescente com convulsões por excesso de abstração e déficit de presença corporal, e desdobra técnicas meditativas visuais, auditivas e gustativas, incluindo a escuta isolada de instrumentos em uma música.
Apresenta a obra Ética de Baruch de Spinoza e o panteísmo como ponto de partida, introduz o conceito de afetos como tradução subjetiva de encontros objetivos com o mundo, e contrasta a abordagem com o livro Inteligência Emocional de Daniel Goleman.
Percorre as seis maneiras propostas por Spinoza para não ser escravo dos afetos: conhecimento das paixões, separação do afeto de sua causa, tempo, multiplicidade de afetos racionais, ordenamento da mente e compreensão da necessidade, do acaso e da escolha.
Sintetiza os cinco domínios de Goleman e as quatro habilidades de Paul Ekman, mostra sua correspondência com Spinoza, e descreve o que uma boa filosofia clínica faz ao picotar e reorganizar o pensamento do interlocutor.
Explica a estrutura neuronal, a formação de sinapses, a neuroplasticidade e como emoções intensas — positivas ou negativas — criam memórias duradouras, argumentando pela importância da boa literatura para ampliar as réguas de leitura do mundo.
Enfrenta a questão do 'eu' interior e da consciência, contrasta materialismo e dualismo, e apresenta relatos de Ayrton Senna, Kelly Slater e atletas de alto nível sobre estados de fluxo como exemplos de consciência expandida.
Contextualiza o yoga como prática psicofísica da tradição indiana, apresenta o segundo sutra de Patanjali — Yoga Chitta Vritti Nirodha — e mostra como essas técnicas foram assimiladas pela medicina ocidental sob o nome de mindfulness.
Explica o eixo psico-neuro-imuno-endocrinológico, mostrando como pensamentos ansiogênicos disparam cortisol via hipotálamo-hipófise-adrenal e suprimem o sistema imunológico, com revisão de pesquisas científicas sobre afeto e saúde.
Apresenta experimentos com iogues que controlam temperatura corporal e consumo de oxigênio, relata pesquisa própria do professor sobre alterações metabólicas durante meditação, e discute os limites e possibilidades do controle mental sobre funções autônomas.
Descreve as áreas cerebrais ativadas durante práticas de atenção plena — córtex pré-frontal esquerdo, giro cingulado — e como a inibição do lobo parietal posterior superior gera a percepção de expansão de consciência relatada por meditadores e atletas.
Explica a divisão simpático-parassimpático do sistema nervoso autônomo, os efeitos da noradrenalina e da acetilcolina em órgãos e vísceras, e como o estresse prolongado desequilibra esse sistema com consequências físicas concretas.
Detalha como a prática de atenção plena reduz cortisol via locus ceruleus e aumenta betaendorfina, serotonina e vasopressina, explicando o 'barato' do corredor e os benefícios documentados da meditação para estados depressivos brandos.
Apresenta a relação entre atividade do córtex pré-frontal direito e esquerdo com tendências depressivas e respostas emocionais, introduz a teoria dos temperamentos além dos quatro clássicos, com emotividade e atividade como primeiros eixos.
Explica o terceiro eixo temperamental — primariedade versus secundariedade — e como a combinação de emotividade, atividade e repercussão gera oito tipos de caráter distintos, com aplicações práticas para a educação de filhos.
Apresenta o fenômeno do rapport e a imitação como base de todo aprendizado, explica a diferença neurológica entre sorriso genuíno e sorriso social a partir do trabalho de Paul Ekman, e discute como o cérebro detecta autenticidade emocional.
Discute o papel da ocitocina nas emoções afetivas e os limites de reduzi-la ao 'hormônio do amor', e demonstra com experimento da anfetamina como expectativas alteram profundamente a experiência subjetiva de qualquer substância ou situação.
Recapitula toda a jornada do curso — da mitologia à neurobiologia — e conclui com uma reflexão sobre educação emocional de crianças, a importância da linguagem afetiva nas relações familiares, e um trecho do Diário Filosófico de Olavo de Carvalho sobre o amor como juramento e não como sentimento.",Curso Avulso,Acesso completo a este curso,,,https://hotmart.com/em-breve,"Acesso ao curso completo por 1 ano
30 aulas em vídeo, totalizando 16h
Material de apoio e bibliografia indicada pelo professor
Certificado digital de conclusão",,,,,https://hotmart.com/em-breve,guia-das-emocoes,"Todos os cursos listados acima, com acesso por 1 ano
Material de apoio e certificado de todos os cursos incluídos
Acesso a múltiplas perspectivas complementares sobre formação humana",,false,false,33_GuiaDasEmocoes.resposta.md,# O Guia das Emoções
historia-direito-romano,História do Direito Romano,erick-gramstrup,Direito e Vida Pública,/images/cursos/historia-direito-romano.webp,A longa vida do direito romano narrada por quem conhece seus bastidores e seus paradoxos.,"O direito romano durou mais de doze séculos — e, de certa forma, ainda não terminou. Quem estuda contratos, propriedade, responsabilidade civil ou processo judicial no Brasil está, queira ou não, dentro de uma tradição que começou numa cidade da Península Itálica, evoluiu por épocas de república, império e declínio, foi compilada no Oriente por um imperador conservador e chegou até nós por rotas oblíquas: leis visigodas, ordenações portuguesas, pandectistas alemães.

Erick Gramstrup, professor da PUC-SP e magistrado com longa experiência na aplicação do direito civil, conduz este curso pela chamada história externa do direito romano — os períodos de evolução, as fontes de produção, o processo civil — sem deixar de lado os exemplos concretos que tornam o estudo inteligível. Ele não esconde as ironias: os principais documentos do direito romano foram redigidos no Oriente, não em Roma; o período considerado de decadência foi o que nos deixou mais fontes; e o formalismo primitivo que nos parece bárbaro era, à sua época, uma tentativa de conter a arbitrariedade.

A abordagem é rigorosa sem ser árida, histórica sem ser antiquária. Você compreenderá por que o estudo do direito romano funciona como câmera lenta para observar algo que os sistemas jurídicos contemporâneos fazem depressa demais para ser bem visto: evoluir.",11,11,https://www.youtube.com/embed/JyKphLsZ2xY,"Estudantes e profissionais do direito que querem fundamentar sua formação em perspectiva histórica
Advogados e juízes curiosos sobre a origem dos institutos que aplicam cotidianamente
Pessoas de formação humanística interessadas em como o direito se constrói e se transmite ao longo dos séculos
Professores de direito que desejam contextualizar historicamente suas disciplinas de direito privado","Distinguir história externa e história interna do direito romano e compreender o alcance de cada abordagem
Identificar as fontes documentais do direito romano e avaliar criticamente seu grau de autenticidade
Periodizar a evolução do direito romano — pré-clássico, clássico e pós-clássico — e relacionar cada fase às transformações políticas de Roma
Compreender o papel do Corpus Iuris Civilis de Justiniano e as razões pelas quais ele se tornou o principal veículo do direito romano até hoje
Explicar o funcionamento do ius honorarium e da atividade pretoriana como mecanismo de evolução jurídica indireta
Reconhecer as interpolações de Triboniano e os métodos empregados para identificá-las
Descrever o processo civil romano nos três períodos — legis actiones, período formulário e cognitio extraordinaria — e apontar o que cada um legou ao processo contemporâneo
Analisar a estrutura da fórmula pretoriana e suas partes constitutivas, com exemplos concretos
Traçar o percurso do direito romano da Antiguidade Tardia à Europa medieval e daí ao direito luso-brasileiro
Aplicar o princípio da boa-fé e a distinção entre ações in rem e ações in personam como conceitos de longa duração na história jurídica ocidental","Nenhum jurista brasileiro pratica seu ofício sem usar institutos que têm nome latino e origem romana — da actio à exceptio, da posse à fidúcia, da boa-fé objetiva à responsabilidade aquiliana. O problema não é a influência do direito romano: é que ela costuma ser invisível. Quem ignora essa história aplica o direito como quem usa uma ferramenta sem saber como ela foi fabricada — e, portanto, sem saber quando ela pode falhar.

Este curso oferece algo diferente: a visão do processo completo. Você verá como um direito primitivo e ritualístico se transformou, por estratégias oblíquas, num sistema sofisticado de ações e fórmulas; como esse sistema foi compilado, deturpado, resumido e transmitido através de séculos de crise; e como chegou ao Código Civil brasileiro pelas mãos de ordenações portuguesas e pandectistas alemães. Entender esse percurso não é curiosidade erudita — é saber de onde vêm as categorias com que você pensa o direito todos os dias.","Aula 1 — Introdução: propósito e delimitação do curso
Aula 2 — As fontes do nosso conhecimento do direito romano
Aula 3 — Os períodos de evolução: pré-clássico, clássico e pós-clássico
Aula 4 — O período pré-clássico: Lei das Doze Tábuas e suas consequências
Aula 5 — O período clássico: pretor, ius honorarium e grandes jurisconsultos
Aula 6 — O período pós-clássico e o Corpus Iuris Civilis de Justiniano
Aula 7 — As interpolações de Triboniano e os métodos para identificá-las
Aula 8 — As fontes do direito romano: costume, lei, senato-consultos e constituições imperiais
Aula 9 — O processo civil romano: das legis actiones ao período formulário
Aula 10 — Classificação das ações e outros remédios pretorianos
Aula 11 — Da cognitio extraordinaria à chegada do direito romano ao Brasil","Apresenta os conceitos de história externa e história interna do direito romano, justifica o recorte temporal do curso (século VIII a.C. ao século VI) e explica por que o estudo do direito romano funciona como observação em câmera lenta da evolução jurídica.
Examina os principais documentos que permitem conhecer o direito romano: o Corpus Iuris Civilis, as Institutas de Gaio, as Regras de Ulpiano e as Sentenças de Paulo, incluindo a história do palimpsesto de Verona e dos papiros egípcios.
Estabelece a periodização do direito romano, correlaciona cada fase às etapas políticas de Roma (monarquia, república, principado, dominato) e caracteriza o ius civile primitivo, o formalismo ritualístico e a vingança privada como traços do período pré-clássico.
Analisa o contexto político do conflito entre patrícios e plebe, o significado da Lei das Doze Tábuas como sistematização do direito costumeiro, o início da separação entre ius e fas, e o surgimento dos primeiros juristas leigos.
Descreve a transformação do direito pela atividade pretoriana, a formação do ius honorarium por meio dos editos, o ius respondendi ex autoritate principis e a atuação de juristas como Salvio Giuliano, Papiniano, Paulo, Ulpiano e Modestino.
Examina as compilações de leges e iura do período pós-clássico — Código Teodosiano, leis romano-bárbaras — e detalha a composição do Corpus Iuris Civilis: Codex, Digesto, Institutas de Justiniano e Novelas.
Explica por que Triboniano introduziu modificações no material clássico ao compilar o Digesto, apresenta os métodos filológico, lógico, de anacronismo e textual para identificar interpolações, e discute os limites da caça às interpolações.
Percorre sistematicamente as fontes de produção do direito romano — costume, leis comiciais, plebiscitos, senato-consultos e as quatro modalidades de constituições imperiais (edicta, decreta, rescripta, mandata) — relacionando cada uma ao seu período histórico.
Introduz a distinção entre sistema de ações e sistema de direitos subjetivos, descreve as cinco legis actiones e explica em detalhe a estrutura da fórmula pretoriana — nominatio iudicis, demonstratio, intentio, exceptio, praescriptio, condemnatio e adiudicatio — com exemplos de ações fictícias, úteis e bonae fidei.
Apresenta as classificações das ações romanas (in rem e in personam, fictícias, in factum conceptae, úteis, bonae fidei e stricti iuris), os remédios pretorianos alternativos à fórmula (interdicta, missio in possessionem, restitutio in integrum) e a litis contestatio como contrato processual.
Descreve o terceiro período do processo civil romano, a burocratização imperial e o surgimento do recurso; traça o percurso do direito romano pela Idade Média ocidental, pelo Studium de Bolonha, pelas ordenações portuguesas, pela Lei da Boa Razão de Pombal e pela influência sobre o Código Civil brasileiro de 1916 e de 2002.",Curso Avulso,Acesso completo a este curso,,,https://hotmart.com/em-breve,"Acesso ao curso completo por 1 ano
11 aulas em vídeo, totalizando 11h
Material de apoio e bibliografia indicada
Certificado digital de conclusão",,,,,https://hotmart.com/em-breve,historia-direito-romano,"Todos os cursos listados acima, com acesso por 1 ano
Material de apoio e certificado de todos os cursos",,false,false,34_HistoriaDireitoRomano.resposta.md,# História do Direito Romano
brevissima-introducao-ao-direito,Brevíssima Introdução ao Direito,bernardo-moraes,Direito e Vida Pública,/images/cursos/brevissima-introducao-ao-direito.webp,"O que o direito é, para que serve e como ele organiza cada aspecto da vida em sociedade.","Você já usa termos jurídicos sem perceber: contrato, propriedade, casamento, pessoa jurídica. Mas saber a palavra não é o mesmo que compreender o conceito — e essa diferença tem consequências reais no dia a dia. Este curso oferece uma introdução ao direito pensada para quem nunca estudou a disciplina formalmente, para quem está ingressando num curso de graduação e quer construir uma base sólida, e para quem simplesmente quer entender o fenômeno jurídico com mais precisão.

O professor Bernardo Moraes, com mais de duas décadas de docência superior e formação também na Itália, conduz o curso a partir de uma perspectiva histórica e sistemática. Ele parte da pergunta mais difícil — o que é o direito? — e percorre, com rigor e didática, temas como a relação entre direito e justiça, a função do direito na sociedade, a divisão em ramos, os fundamentos do direito brasileiro, a autonomia privada, a hierarquia das normas e a lógica interna dos códigos.

A abordagem não é a de um manual de artigos decorados. É a de quem acredita que entender o espírito da ciência jurídica — a sua historicidade, a sua racionalidade e os seus limites — é o que distingue um jurista de um leguleio. Ao longo das aulas, o professor recorre ao direito romano, à história das universidades europeias e a exemplos do cotidiano para mostrar que o direito não é um conjunto de normas isoladas, mas um sistema vivo e historicamente situado.",13,10,https://www.youtube.com/embed/JyKphLsZ2xY,"Pessoas sem formação jurídica que querem entender como o direito regula o cotidiano
Estudantes no início de um curso de graduação em direito que buscam uma visão integradora
Profissionais de outras áreas que precisam lidar com contratos, tributos ou questões legais
Leitores com interesse em história e cultura que querem compreender as raízes do sistema jurídico brasileiro","Distinguir os principais sentidos do termo 'direito' e por que essa distinção importa na prática
Compreender a relação — e a diferença — entre direito e justiça
Identificar as funções do direito na organização da vida em sociedade
Entender por que o direito é uma criação da razão humana e o que isso implica para a sua interpretação
Reconhecer os grandes ramos do direito e a lógica histórica que explica a divisão entre eles
Explicar o que é o direito civil e por que ele serve de lastro para os demais ramos do direito privado
Delimitar o conceito de direito brasileiro nos planos do tempo e do espaço, incluindo o mar territorial
Aplicar a distinção entre direito objetivo e direito subjetivo a situações concretas do cotidiano
Compreender como as leis são estruturadas, numeradas, publicadas e revogadas no sistema brasileiro
Entender o que são códigos, estatutos e microsistemas e qual a função de cada um","O direito não é uma especialidade distante do cotidiano. Cada vez que você assina um contrato, paga um tributo, exige a troca de um produto com defeito ou decide como estruturar o patrimônio da sua família, você está operando dentro de um sistema jurídico que tem uma lógica própria — uma lógica que nem sempre é evidente para quem nunca a estudou.

Conhecer os fundamentos do direito não significa memorizar artigos de lei. Significa entender por que as normas existem, como elas se organizam e quais os critérios que guiam a sua interpretação. Esse tipo de compreensão ajuda a tomar decisões mais conscientes, a reconhecer quando um ""direito"" alegado por alguém não tem base legal e a conversar com mais autonomia com advogados, contadores e demais profissionais da área. Em um contexto em que ferramentas de inteligência artificial já conseguem localizar e citar dispositivos legais, o que diferencia quem sabe direito de quem não sabe é exatamente o que este curso se propõe a ensinar.","Aula 1 — Apresentação do curso e primeiras perguntas sobre o direito
Aula 2 — Direito e justiça: para que servem as normas jurídicas
Aula 3 — O caráter artificial e histórico do direito
Aula 4 — Pontes de Miranda e a construção lógica do sistema jurídico
Aula 5 — Os ramos do direito e a unidade do fenômeno jurídico
Aula 6 — Do ius civile romano aos ramos do direito contemporâneo
Aula 7 — Autonomia privada e o conceito de direito brasileiro no tempo
Aula 8 — Direito brasileiro no espaço: território, soberania e mar
Aula 9 — O Brasil no sistema romano-germânico e na América Latina
Aula 10 — Norma jurídica, fontes do direito e o artigo 4º da LINDB
Aula 11 — Espécies normativas, vigência e estrutura das leis
Aula 12 — O problema do acúmulo de leis e a solução dos códigos
Aula 13 — Códigos, estatutos, microsistemas e encerramento do curso","Introduz o curso e apresenta a polissemia do termo 'direito', explicando por que ele precisaser adjetivado para ter sentido preciso, e situa a origem latina do conceito em ius como vínculo interpessoal.
Examina a relação entre direito e justiça, mostrando por que vincular a validade da norma a um ideal subjetivo de justo é problemático, e expõe as cinco etapas que distinguem o jurisconsulto do simples conhecedor de leis.
Demonstra que o direito é uma criação da razão humana — invisível aos sentidos, inexistente sem o ser humano —, e argumenta por que nenhum sistema jurídico pode ser compreendido sem consciência histórica.
Apresenta Francisco Cavalcanti Pontes de Miranda como modelo de jurista sistemático, discute a sua teoria da incidência de normas sobre fatos e narra o episódio em que o jurista confrontou Einstein publicamente.
Explica que o direito é uno, mas comporta divisão didática em ramos, e demonstra com o exemplo 'Tício mata Caio' como um único fato produz efeitos simultâneos em direito penal, civil, processual e previdenciário.
Reconstrói historicamente como o ius civile romano — que era todo o direito nacional — foi se estreitando até tornar-se o direito civil residual de hoje, e traça o surgimento do direito empresarial, do trabalho e do consumidor.
Define autonomia privada como princípio estruturante do direito privado e abre a discussão sobre os limites temporais do direito brasileiro, desde o direito indígena pré-colonial até a independência e o Código Civil de 1917.
Delimita o conceito espacial de direito brasileiro a partir das noções de soberania, mar territorial, zona contígua, zona econômica exclusiva e pré-sal, com exemplos sobre aeronaves, navios e satélites.
Situa o direito brasileiro na família romano-germânica e discute em que medida ele se insere — ou se distingue — do subsistema latino-americano, com atenção às influências portuguesa, alemã e norte-americana.
Apresenta a distinção entre direito objetivo e subjetivo e explica a hierarquia das fontes do direito — lei escrita, analogia, costumes e princípios gerais —, lendo e comentando o artigo 4º da Lei de Introdução às Normas do Direito Brasileiro.
Descreve as espécies normativas previstas no artigo 59 da Constituição, explica publicação, vacatio legis e revogação, e percorre os artigos centrais da Lei Complementar 95, incluindo a origem do termo 'caput' e a lógica dos artigos.
Discute a inflação legislativa como problema estrutural dos sistemas de civil law e apresenta a hierarquia de normas e a codificação como soluções, explicando a lógica de gênero-espécie que organiza internamente os códigos.
Distingue códigos de estatutos e microsistemas, rastreia a origem etimológica do termo codex até os rolos de papiro romanos, e encerra com a precisão de que as Leis de Hamurabi não são, a rigor, um código.",Curso Avulso,Acesso completo a este curso,,,https://hotmart.com/em-breve,"Acesso ao curso completo por 1 ano
13 aulas em vídeo, totalizando 10h
Material de apoio e bibliografia indicada pelo professor
Certificado digital de conclusão",,,,,https://hotmart.com/em-breve,brevissima-introducao-ao-direito,"Todos os cursos listados acima, com acesso por 1 ano
Material de apoio e certificado de todos os cursos",,false,false,36_BrevissimaIntroDireito.resposta.md,# Brevíssima Introdução ao Direito
o-que-e-filosofar,O Que É Filosofar,gabriel-de-vito,Filosofia e Formação do Juízo,/images/cursos/o-que-e-filosofar.webp,"Uma introdução à filosofia pelo ato de filosofar, não pelo catálogo de escolas e sistemas.","Existem muitas introduções à filosofia. A maioria delas apresenta nomes, períodos, escolas e teses. Este curso faz algo diferente: parte do ato mesmo de filosofar para perguntar o que acontece com quem filosofa, por que isso importa e o que distingue o filósofo de qualquer outra pessoa culta ou curiosa.

O professor Gabriel De Vito percorre nove aulas a partir de uma perspectiva clássica — informada sobretudo por Aristóteles, Tomás de Aquino e Josef Pieper —, mostrando que a filosofia nasce do maravilhamento diante da realidade e se sustenta numa busca amorosa pelos primeiros princípios das coisas. Não se trata de acumular informações sobre o que os filósofos disseram, mas de aprender a ver como eles viam.

O curso traça as fronteiras entre filosofia e poesia, entre filosofia e ciência, entre filosofia e religião, e propõe uma tipologia dos modos de se relacionar com o conhecimento — do indiferente ao contemplativo. Discute também os dois grandes métodos filosóficos, realismo e idealismo, mostrando o que cada um pressupõe sobre a realidade e sobre o ser humano.

Ao longo das aulas, o que emerge não é um manual, mas uma visão: a de que contemplar filosoficamente é conhecer amorosamente o mundo — e de que esse conhecimento, embora inútil do ponto de vista prático, é indispensável para quem quer compreender o lugar que ocupa na ordem das coisas.",9,5,https://www.youtube.com/embed/JyKphLsZ2xY,"Leitores com curiosidade filosófica que nunca encontraram uma introdução que fosse além dos nomes e datas.
Estudantes de filosofia que querem entender o que é filosofar antes de mergulhar nos sistemas.
Pessoas de formação religiosa ou teológica que desejam compreender a relação entre fé e razão.
Professores e formadores que buscam fundamentar sua prática em uma visão coerente do conhecimento humano.
Leitores de Josef Pieper, Aristóteles ou Tomás de Aquino que querem um guia de entrada ao pensamento clássico.","Distinguir o ato filosófico da especulação poética, da investigação científica e da experiência religiosa.
Compreender por que a filosofia nasce do maravilhamento e se sustenta como busca inacabada da sabedoria.
Identificar os três níveis de sabedoria — prática, especulativa e divina — e suas funções distintas.
Reconhecer a diferença entre estudar filósofos e filosofar com eles, assimilando o mundo interior de um pensador.
Situar os grandes temas da filosofia a partir das analogias do olhar para cima, para dentro e para baixo.
Caracterizar os principais perfis de relação com o conhecimento: indiferente, curioso, culto e filósofo.
Contrastar o método realista e o método idealista e o que cada um implica sobre o fundamento da realidade.
Entender como filosofia e ciência se relacionam a partir da distinção entre verdades sensíveis e inteligíveis.
Explicar o papel da filosofia como crítica racional das formas de religiosidade, dentro e fora do contexto cristão.
Descrever a contemplação filosófica como conhecimento amoroso da realidade, distinto da passividade e do jogo intelectual.","A maioria das pessoas passa a vida inteira fazendo filosofia sem saber — ao se perguntar sobre o sentido de uma morte, ao avaliar se agiu bem, ao tentar entender por que certas coisas existem da forma que existem. O problema não é a ausência de impulso filosófico, mas a ausência de formação que permita que esse impulso se torne algo consistente.

Sem uma compreensão do que é filosofar, é difícil distinguir reflexão genuína de opinião embalada em jargão, ou perceber quando uma visão de mundo está sendo proposta disfarçada de dado científico. Este curso oferece exatamente isso: as ferramentas conceituais para reconhecer o que está em jogo quando alguém filosofa — e para começar a fazê-lo com mais lucidez e rigor.","Aula 1 — O Parentesco entre Filosofia e Poesia
Aula 2 — A Filosofia como Busca da Sabedoria
Aula 3 — Estudar os Filósofos ou Filosofar com Eles
Aula 4 — Os Grandes Temas da Filosofia
Aula 5 — As Diferentes Respostas ao Filosofar
Aula 6 — O Problema dos Métodos Filosóficos
Aula 7 — Filosofia e Ciência
Aula 8 — Filosofia e Religião
Aula 9 — A Contemplação Filosófica","Explora a origem comum de filosofia e poesia no maravilhamento diante da realidade, distinguindo a busca poética pela beleza da busca filosófica pela verdade através do argumento.
Apresenta a etimologia de 'filósofo' como amante da sabedoria e articula os três níveis de sabedoria — prática, especulativa e divina — a partir da finitude constitutiva do ser humano.
Distingue o conhecimento técnico dos textos filosóficos do ato de habitar o mundo interior de um filósofo, usando os medievais leitores do Timeu de Platão como exemplo histórico.
Organiza os domínios da filosofia a partir da analogia humana — olhar para cima (metafísica), para dentro (antropologia e ética) e para baixo (filosofia da natureza) —, identificando as famílias do Logos, do Cosmos e do Anthropos.
Propõe uma tipologia dos modos de se relacionar com o conhecimento — indiferente, curioso, culto e filósofo —, mostrando como cada perfil se orienta por uma medida diferente de profundidade reflexiva.
Contrasta o método realista, orientado pelo ser e pela transcendência, com o método idealista, orientado pelo ego e pela imanência, rastreando suas implicações para a concepção do divino.
Reconstrói a separação histórica entre filosofia e ciências naturais, humanas e da vida, argumentando que a unidade da verdade exige diálogo entre disciplinas e que cabe à filosofia explicitar o inteligível que os métodos empíricos pressupõem.
Examina a relação entre fé e razão mostrando que toda filosofia é informada por uma ideia de Deus, e que a filosofia exerce função crítica indispensável ao purificar formas equivocadas de religiosidade, como ilustra o debate medieval em torno do catarismo.
Define a contemplação filosófica como conhecimento amoroso e ativo da realidade, distinguindo-a da passividade e do jogo intelectual, e conclui mostrando como o amor pelos primeiros princípios das criaturas orienta o filósofo ao princípio absoluto.",Curso Avulso,Acesso completo a este curso,,,https://hotmart.com/em-breve,"Acesso ao curso completo por 1 ano
9 aulas em vídeo, totalizando 5h
Material de apoio e bibliografia indicada
Certificado digital de conclusão",,,,,https://hotmart.com/em-breve,o-que-e-filosofar,"Todos os cursos listados acima, com acesso por 1 ano
Material de apoio e certificado de todos os cursos",,false,false,37_ComoFilosofar.resposta.md,# O Que É Filosofar
teatro-grego-tragedia,Teatro Grego: Introdução à Tragédia,mauro-de-medeiros-keller,Literatura e Cultura,/images/cursos/teatro-grego-tragedia.webp,Um guia intelectualmente rigoroso pelas tragédias que moldaram a consciência ocidental.,"A tragédia grega não é uma curiosidade arqueológica. É o lugar onde o pensamento ocidental aprendeu a formular suas perguntas mais urgentes: por que os inocentes sofrem? Existe alguma ordem no cosmos? O que separa a coragem da insensatez? Ésquilo, Sófocles e Eurípides não eram apenas poetas — eram interlocutores dos filósofos de seu tempo, e as respostas que propuseram nas obras ainda reverberam em Shakespeare, Racine, Ibsen e no teatro contemporâneo.

Este curso parte das origens rituais da tragédia ática e percorre, com cuidado filológico e sensibilidade filosófica, as obras mais significativas dos três grandes tragediógrafos do século V a.C. O professor Mauro de Medeiros Keller — jurista formado na USP, com especialização em filosofia do direito e décadas de estudo autônomo da filosofia clássica — conduz a exposição sem simplificações, mas também sem erudição gratuita: o objetivo é sempre a leitura.

Você não sairá deste curso sabendo ""sobre"" as tragédias gregas. Sairá equipado para lê-las, com vocabulário conceitual preciso — hybris, hamartia, anagnórisis, catarse, díke — e com uma compreensão viva das diferenças de cosmovisão entre os três autores. O curso é, acima de tudo, um convite à experiência direta dos textos.",12,15,https://www.youtube.com/embed/JyKphLsZ2xY,"Leitores com gosto pela literatura clássica que nunca leram uma tragédia grega completa
Estudantes de filosofia, direito ou letras que querem contextualizar a origem de conceitos como catarse e díke
Pessoas que assistiram adaptações modernas — cinema, teatro, ópera — e querem retornar às fontes
Quem já leu Homero e deseja avançar para o próximo patamar da literatura helênica","Compreender a origem ritual da tragédia grega e sua relação com o culto dionisíaco
Distinguir as cosmovisões filosóficas de Ésquilo, Sófocles e Eurípides
Identificar os elementos estruturais de uma tragédia: prólogo, coro, episódios, êxodo
Analisar os conceitos de hybris, hamartia, týche e díke nas obras estudadas
Interpretar a função do coro como voz do autor e da consciência coletiva
Reconhecer o efeito de catarse segundo Aristóteles e aplicá-lo à leitura dos textos
Traçar a influência do teatro euripidiano em Shakespeare, Racine, Ibsen e no teatro contemporâneo
Ler com autonomia edições comentadas das tragédias, a partir das traduções recomendadas","A tragédia grega foi criada como instrumento de formação cívica. Os atenienses iam ao teatro não para se entreter, mas para ser melhores cidadãos — e os próprios governantes financiavam os concursos com essa convicção. Essa função formativa não desapareceu com Atenas.

Cada vez que você precisa decidir entre o que é legal e o que é justo, entre a lealdade à instituição e a lealdade à consciência, está no terreno de Antígona. Cada vez que a paixão age contra o julgamento claro, você está no território de Medéia. Conhecer essas obras não é acrescentar referências culturais ao repertório — é ter à disposição modelos de análise para dilemas que continuam sendo os seus.","Aula 1 — Introdução: por que ler tragédia grega hoje
Aula 2 — O que é o trágico: elementos formais e conceituais
Aula 3 — Ésquilo I: vida, contexto e a Orestíada
Aula 4 — Ésquilo II: Coéforas e Eumênides
Aula 5 — Sófocles: cosmovisão, díke e o herói trágico
Aula 6 — Sófocles: Édipo Rei
Aula 7 — Sófocles: Édipo em Colono
Aula 8 — Sófocles: Antígona
Aula 9 — Eurípides I: panorama das 18 tragédias e características do teatro
Aula 10 — Eurípides II: Medéia
Aula 11 — Eurípides III: Hipólito e Ifigênia em Áulis
Aula 12 — Eurípides IV: As Bacantes e conclusão do curso","Contextualiza os objetivos do curso, justifica a relevância da leitura direta dos textos e apresenta as origens rituais dionisíacas da tragédia ática, incluindo a etimologia de 'tragédia' e o papel pedagógico do teatro na democracia ateniense.
Examina as definições de 'elemento trágico' de Aristóteles a Goethe, apresenta os conceitos de metabolé, týche, hybris e hamartia, e descreve a estrutura formal da tragédia grega — prólogo, párodo, episódios, estásimos, êxodo — com os recursos do ágon, anagnórisis e peripécia.
Introduz Ésquilo como combatente em Maratona e dramaturgo, apresenta a trilogia Orestíada e analisa Agamêmnon, concentrando-se na maldição dos Atridas, no sacrifício de Ifigênia e na ideia de que o sofrimento pode ser lição.
Analisa o matricídio de Orestes nas Coéforas, incluindo a cena de anagnórisis com Electra e o ágon entre mãe e filho, e na tragédia Eumênides examina o julgamento no Areópago como símbolo da emancipação do indivíduo frente ao direito dos clãs.
Traça as linhas gerais do teatro sofocliano — distância radical entre deuses e homens, equilíbrio da díke, delineamento psicológico dos personagens e lirismo poético — e apresenta brevemente Ajax e Filoctetes como exemplos do herói que sustenta o peso do destino.
Analisa em detalhe Édipo Rei, da maldição dos Labdácidas à investigação conduzida pelo próprio culpado, examinando a ironia sofocliana, o papel de Tirésias e a distinção entre culpa objetiva e voluntariedade na Grécia Arcaica.
Examina a última obra de Sófocles, discutindo o Édipo ancião e cego como herói que aceita as ciladas do destino, a noção grega de desculpa versus perdão cristão, e a morte transfigurada como resposta enigmática dos deuses à dignidade humana.
Analisa o conflito entre Antígona e Creonte como confronto entre lei divina não escrita e decreto estatal, discute a hybris de Creonte, a posição de Hegel sobre a irresolvibilidade do conflito, e encerra com o elogio sofocliano à phrónesis como virtude suprema do agir.
Apresenta a vida e a polêmica recepção de Eurípides em seu tempo, percorre o conjunto das obras preservadas destacando o papel da týche, a dessacralização dos deuses olímpicos e as três características centrais do teatro euripidiano segundo Jacqueline de Romilly: psicologia aprofundada, reviravoltas bruscas e teatro de ideias.
Analisa Medéia em detalhe, percorrendo o prólogo da ama, o discurso feminista de Medéia, os diálogos com Jasão e Creonte, as seis hesitações antes do filicídio e o desfecho no carro voador, com paralelo ao filme Match Point de Woody Allen para discutir týche e niilismo.
Examina Hipólito — o prólogo de Afrodite, o drama de Fedra entre paixão e honra, o ágon entre pai e filho, e o diálogo final de reconciliação — e apresenta Ifigênia em Áulis como peça em que o acaso, encarnado em desencontros sucessivos de vontades, determina o sacrifício da jovem.
Analisa As Bacantes como a obra mais desconcertante de Eurípides: o fervor religioso dos estásimos em contraste com o Dioniso cruel e vingativo, a desilusão final de Ágave e a conclusão de André Bonnard sobre a 'espera de um deus ignorado', encerrando o curso com uma síntese da herança grega para a formação humana.",Curso Avulso,Acesso completo a este curso,,,https://hotmart.com/em-breve,"Acesso ao curso completo por 1 ano
12 aulas em vídeo, totalizando 15h de conteúdo
Material de apoio e bibliografia indicada pelo professor
Certificado digital de conclusão",,,,,https://hotmart.com/em-breve,teatro-grego-tragedia,"Todos os cursos listados acima, com acesso por 1 ano
Material de apoio e certificado de todos os cursos incluídos",,false,false,38_TeatroGrego.resposta.md,# Teatro Grego: Introdução à Tragédia
historia-do-pensamento-etico,História do Pensamento Ético,tutora-professora,Filosofia e Formação do Juízo,/images/cursos/historia-do-pensamento-etico.webp,"Um percurso rigoroso pela ética ocidental, de Homero a McIntyre, para quem quer pensar melhor sobre como viver.","Este curso percorre a história do pensamento ético ocidental desde as narrativas homéricas e a tragédia grega até os autores contemporâneos, passando pelos grandes clássicos — Sócrates, Platão, Aristóteles — pelo pensamento medieval de Agostinho e Tomás de Aquino, pelas rupturas da modernidade e pelos diagnósticos inquietos de Nietzsche, Sartre, Ortega y Gasset e MacIntyre.

A abordagem é filosófica e formativa: não se trata de catalogar doutrinas, mas de acompanhar o modo como cada época tentou responder à pergunta fundamental — o que é o homem e como ele deve viver. A professora conduz esse percurso com atenção ao contexto histórico de cada autor e com cuidado para mostrar onde cada resposta acerta, onde falha e o que ainda tem a nos ensinar.

O curso parte do pressuposto de que estudar ética é uma atividade séria, ligada às decisões reais da vida: como formamos o caráter, o que vale a pena querer, como nos relacionamos com os outros e com o bem comum. Não se espera que você saia com um manual de respostas, mas com conceitos mais claros e com um repertório mais rico para pensar por conta própria.",30,10,https://www.youtube.com/embed/JyKphLsZ2xY,"Pessoas que querem entender a origem das ideias éticas que circulam na cultura contemporânea
Estudantes de filosofia, direito, pedagogia ou teologia que buscam uma visão panorâmica da ética ocidental
Pais e educadores que desejam fundamentar sua prática em uma tradição intelectual clara sobre virtude e formação do caráter
Leitores de clássicos que querem contextualizar Platão, Aristóteles ou Agostinho dentro de uma história mais ampla
Quem sente que o debate ético contemporâneo é confuso e quer recuperar os conceitos que lhe dão sentido","Distinguir a concepção clássica de eudaimonia da noção contemporânea de felicidade
Compreender a noção de areté e seu desenvolvimento desde Homero até a ética das virtudes em Aristóteles
Identificar as principais virtudes cardeais e o papel central da prudência na vida prática
Analisar o problema do mal em Santo Agostinho e sua relação com a liberdade e o amor ordenado
Entender as fontes da moralidade do ato humano segundo São Tomás de Aquino
Reconhecer a ruptura introduzida por Maquiavel entre ética e política e suas consequências históricas
Examinar a moral deontológica de Kant e o imperativo categórico como critério universal de ação
Avaliar a crítica de Nietzsche à tradição moral e o alcance e os limites do niilismo
Aplicar os conceitos de vocação, circunstância e projeto vital de Ortega y Gasset à compreensão da vida pessoal
Reconhecer a proposta de MacIntyre de recuperar a ética das virtudes como resposta à desorientação contemporânea","A desorientação ética não é uma impressão — é um diagnóstico que autores tão diferentes quanto Ortega y Gasset e MacIntyre formularam com precisão. Usamos palavras como ""virtude"", ""bem"", ""justiça"" e ""felicidade"" sem saber ao certo o que elas significam, porque as herdamos de tradições que não estudamos. O resultado é que as discussões morais frequentemente se reduzem a disputas de preferências, sem nenhuma base comum.

Conhecer a história do pensamento ético não resolve esse problema de uma vez, mas oferece algo indispensável: um vocabulário preciso e uma memória das respostas que já foram tentadas. Saber por que Aristóteles entendia as virtudes como hábitos, por que Agostinho insistia na ordem do amor, por que Kant separou o dever do interesse — tudo isso muda a qualidade das perguntas que você faz sobre a sua própria vida. E perguntas melhores, mesmo sem respostas imediatas, já são uma forma de viver com mais seriedade.","Aula 1 — Conceitos Fundamentais da Ética
Aula 2 — Homero e a Areté dos Heróis
Aula 3 — A Tragédia Grega e os Problemas Éticos
Aula 4 — Aristóteles: Vida, Método e Telos
Aula 5 — Aristóteles: Felicidade, Hábito e Virtude
Aula 6 — Aristóteles: As Quatro Virtudes Cardeais
Aula 7 — O Epicurismo: Prazer, Virtude e Ataraxia
Aula 8 — Sócrates: Contexto, Método e a Virada Antropológica
Aula 9 — Sócrates: Apologia, Imortalidade da Alma e Intelectualismo Ético
Aula 10 — Sócrates: Virtude, Conhecimento e Unidade das Virtudes
Aula 11 — Platão: Vida, Diálogos e Metafísica
Aula 12 — Platão: Justiça, Bem e os Mitos Éticos
Aula 13 — Platão: República, Alma Tripartida e o Amor como Formação
Aula 14 — O Helenismo: Estoicismo e Sêneca
Aula 15 — Pensamento Medieval: Introdução e Patrística
Aula 16 — Santo Agostinho: O Mal, a Liberdade e a Ordem do Amor
Aula 17 — São Tomás de Aquino: Cosmovisão, Ato Humano e Lei
Aula 18 — São Tomás de Aquino: As Virtudes e a Prudência como Rainha
Aula 19 — Maquiavel: A Ruptura entre Ética e Política
Aula 20 — Nietzsche: Dionísio, Apolo e a Crítica da Moral
Aula 21 — Nietzsche: A Morte de Deus, o Super-homem e o Niilismo
Aula 22 — Ortega y Gasset: Razão Vital, Circunstância e Vocação
Aula 23 — Ortega y Gasset: Projeto Vital, Autenticidade e o Homem Massa
Aula 24 — Sartre: Existencialismo, Liberdade e o Inferno dos Outros
Aula 25 — Descartes: O Cogito e a Moral Provisória
Aula 26 — Hobbes: O Homem como Lobo e o Leviatã
Aula 27 — Spinoza: Substância, Paixões e o Amor Intelectual a Deus
Aula 28 — Kant: O Imperativo Categórico e a Moral do Dever
Aula 29 — MacIntyre: Virtude, Narrativa e Tradição
Aula 30 — Considerações Finais","Apresenta os pressupostos do estudo ético: a natureza do ser humano como composto de corpo, alma, inteligência, vontade e afetos; a noção de eudaimonia; e as definições clássicas de bem, mal e o próprio termo ética a partir dos étimos gregos.
Examina a Ilíada e a Odisseia como fontes da primeira concepção de areté — excelência ligada à função social —, a noção de hybris como desmedida e o papel formativo das narrativas na cultura grega.
Analisa a Oresteia de Ésquilo, o Édipo Rei de Sófocles e a Medeia de Eurípides como dramatizações dos problemas do destino, da responsabilidade individual, do conflito entre leis humanas e divinas e da justiça.
Introduz o pensamento de Aristóteles — filho de médico, discípulo de Platão, fundador do Liceu —, sua visão teleológica da realidade e o conceito central de telos como fundamento da ética.
Examina os elementos necessários à eudaimonia segundo a Ética a Nicômaco — prazer, honra, sorte, amizade —, e demonstra por que o caráter formado por hábitos é o fator decisivo para a felicidade humana.
Detalha a temperança, a fortaleza, a justiça e a prudência como virtudes-pilares do caráter, explicando a noção aristotélica do meio-termo entre vícios de excesso e de falta.
Apresenta Epicuro e a filosofia do Jardim, distinguindo os três tipos de prazer — naturais e necessários, naturais e não necessários, não naturais —, e os ideais de ataraxia e aponia como condições da felicidade.
Situa Sócrates no contexto da democracia ateniense e dos sofistas, apresenta a atividade dialética e maiêutica como método filosófico e explica a passagem da areté técnica para a areté moral.
Analisa a condenação e a defesa de Sócrates na Apologia, sua convicção sobre a imortalidade da alma e a tese central do intelectualismo socrático: conhecer o bem é praticá-lo, e o erro é sempre fruto da ignorância.
Examina a inseparabilidade entre episteme e areté em Sócrates, a tese de que ninguém erra voluntariamente, a unidade das virtudes como modo de ser racional e o problema de como a virtude pode ser ensinada.
Apresenta Platão como discípulo de Sócrates e fundador da Academia, explica o significado dos diálogos como filosofia dramática e introduz a metafísica das ideias — o eidos como forma substancial, não conteúdo mental.
Desenvolve a centralidade da justiça na ética platônica, a hierarquia dos transcendentais do ser com a ideia de Bem no topo, e comenta o Mito do Anel de Giges como teste para distinguir a justiça verdadeira da justiça por conveniência.
Analisa a estrutura tripartida da alma (razão, apetite irascível, apetite concupiscível) espelhada na pólis, a proposta do rei-filósofo, as quatro virtudes como harmonia da alma e a paideia do amor apresentada no Banquete.
Contextualiza o helenismo como período de desorientação moral após Alexandre Magno, apresenta o ideal estoico do sábio autárquico e examina Sêneca — preceptor de Nero, autor das Cartas a Lucílio — e suas reflexões sobre apatia, ataraxia, tempo e amizade.
Distingue a mentalidade cristã da pagã — criação, providência, pecado original, graça, tempo linear — e introduz Santo Agostinho, seu percurso de conversão, o método das Confissões e sua disputa com o maniqueísmo.
Expõe a solução agostiniana ao problema do mal como privação de bem devido, explica o mau uso da liberdade como origem do pecado e apresenta a doutrina da ordem do amor — 'ama e faz o que quiseres' — como núcleo da ética agostiniana.
Apresenta São Tomás como síntese entre Aristóteles e a Sagrada Escritura, distingue ato do homem de ato humano, explica as três fontes da moralidade (objeto, intenção, circunstâncias) e a hierarquia das leis: eterna, natural, humana e divina.
Detalha como São Tomás reinterpreta a temperança, a fortaleza e a justiça, e por que a prudência — reta razão no agir — é a rainha das virtudes, analisando seus componentes: memória, reflexão, estimação, docilidade, solércia, eubolia, sínese e gnome.
Examina O Príncipe como marco da separação entre ética e política, o realismo político de Maquiavel, a redefiniçao de virtù como habilidade eficaz, e a relação entre virtù e fortuna como critério de ação do governante.
Apresenta Nietzsche filólogo e crítico da tragédia grega, a distinção entre espírito apolíneo e dionisíaco, sua crítica a Sócrates e ao cristianismo, e os conceitos de vontade de poder e moral dos escravos.
Desenvolve o anúncio nietzschiano da morte de Deus em Assim Falou Zaratustra, o ideal do super-homem como realização da vontade de potência, o amor fati, o eterno retorno e o niilismo como estado psicológico de aceitação da ausência de sentido.
Introduz o raciovitalismo de Ortega, a fórmula 'eu sou eu e a minha circunstância', a distinção entre possibilidade e circunstância incorporada, e a vocação como tarefa que o indivíduo recebe e que somente ele pode realizar.
Aprofunda o conceito de projeto vital, o fenômeno do acanalhamento como abdica­ção de si mesmo, o diagnóstico do homem massa na Rebelião das Massas, e a distinção entre ensimesmamento e alteração como modos opostos de habitar a vida.
Apresenta o existencialismo ateu de Sartre — a existência precede a essência, o homem condenado a ser livre —, a má-fé nas relações humanas e a peça Entre Quatro Paredes como dramatização do problema do olhar do outro e da angústia da gratuidade.
Situa Descartes no início da modernidade, expõe o método da dúvida hiperbólica e o cogito ergo sum como certeza fundante, e apresenta as quatro regras da moral provisória — obediência aos costumes, perseverança, reforma de si e busca pela razão.
Examina a antropologia pessimista de Hobbes — homo lupus homo —, o contrato social como cessão do poder individual ao soberano e os princípios que deveriam orientar os cidadãos para facilitar a paz num estado naturalmente conflituoso.
Apresenta o panteísmo de Spinoza — todas as coisas como modos de uma única substância divina —, sua ética racionalista na qual o conhecimento liberta das paixões, e o ideal de contemplar a vida sub specie aeternitatis como caminho de liberdade.
Expõe a teoria moral kantiana como crítica ao eudaimonismo, ao hedonismo e ao utilitarismo, apresenta o imperativo categórico e o hipotético, a distinção entre autonomia e heteronomia, e o papel dos postulados práticos — Deus, liberdade e imortalidade da alma.
Analisa o diagnóstico de MacIntyre em Depois da Virtude — a fragmentação dos conceitos éticos modernos como equivalente a termos científicos sem contexto —, sua proposta de retorno à ética das virtudes de Aristóteles articulada em torno de prática, narrativa e tradição, e o ideal de pequenas comunidades como resposta prática.
Conclusão do curso com síntese do percurso realizado — da antiguidade à contemporaneidade — e indicações bibliográficas para o aprofundamento dos autores e temas estudados.",Curso Avulso,Acesso completo a este curso,,,https://hotmart.com/em-breve,"Acesso ao curso completo por 1 ano
30 aulas em vídeo, totalizando 10h de conteúdo
Material de apoio e bibliografia indicada
Certificado digital de conclusão",,,,,https://hotmart.com/em-breve,historia-do-pensamento-etico,"Todos os cursos listados acima, com acesso por 1 ano
Material de apoio e certificado de todos os cursos",,false,false,40_PensamentoEtico.resposta.md,# História do Pensamento Ético
harmonia-familiar,Harmonia Familiar,nome-do-professor,Educação dos Filhos,/images/cursos/harmonia-familiar.webp,"Um percurso prático para educar filhos com amor, autoridade real e hábitos bem fundados.","Educar não é aplicar técnicas sobre crianças — é o ato de colocar o próprio coração a serviço do crescimento de outra pessoa. Este curso parte dessa premissa e a desenvolve com rigor e praticidade, percorrendo os grandes temas da vida familiar: como entender o que uma criança realmente deseja em cada fase da vida, como conquistar obediência sem autoritarismo, como formar hábitos sólidos e como exercer uma autoridade que nasce da bondade e não do medo.

O professor organiza o percurso em torno de três faculdades humanas — sensibilidade, afetividade e inteligência — e mostra como cada uma delas domina períodos distintos do desenvolvimento infantil. Dessa compreensão derivam orientações concretas sobre alimentação, higiene, sono, ordem e estudo, tratadas não como rotinas administrativas, mas como caminhos de formação do caráter.

O tom é reflexivo e direto. Há ferramentas práticas — o diário de bordo, o mapeamento de temperamentos, as oito estratégias para dar comandos eficazes — mas elas são sempre apresentadas dentro de uma visão mais ampla: a de que os pais e educadores precisam, antes de tudo, trabalhar a própria maturidade para criar ao seu redor o ambiente de confiança em que as crianças florescem.",35,14,https://www.youtube.com/embed/JyKphLsZ2xY,"Pais com filhos de 0 a 12 anos que buscam mais calma e consistência na educação cotidiana
Mães e pais que sentem que reagem mais do que educam e querem mudar essa postura
Professores do ensino fundamental que desejam compreender melhor as reações dos alunos por faixa etária
Casais que querem alinhar a abordagem educativa e reduzir conflitos sobre como criar os filhos
Educadores e cuidadores que lidam com crianças de temperamentos muito diferentes e precisam de ferramentas específicas","Distinguir as três faculdades do desenvolvimento humano e o que esperar de cada faixa etária
Identificar o temperamento da criança e adaptar a abordagem educativa a cada perfil
Estabelecer hábitos básicos de alimentação, higiene, sono e ordem de forma progressiva
Conquistar obediência sem autoritarismo, superproteção ou permissividade
Dar comandos eficazes usando as oito estratégias práticas apresentadas no curso
Cultivar benevolência, otimismo e atenção como posturas internas do educador
Reconhecer e corrigir os cinco erros mais comuns que minam a autoridade parental
Formar a autoestima infantil a partir de estabilidade afetiva, conquista de habilidades e coragem
Entender o ciclo do sono infantil e resolver os principais distúrbios comportamentais do sono
Exercer autoridade real — distinta do autoritarismo — como ambiente de fascínio e lealdade","A maior parte das dificuldades que os pais enfrentam no dia a dia — a falta de paciência, a desorientação diante de uma birra, a sensação de que a criança não obedece nunca — não vem de maldade de ninguém, mas de uma lacuna de compreensão. Não sabemos exatamente o que está acontecendo dentro daquela criança, nem o que ela precisa de nós naquele momento.

Este curso oferece precisamente essa compreensão. Saber que uma criança de dois anos responde sobretudo a estímulos sensoriais, e não a explicações longas, muda a conversa inteira. Entender que a obediência é conquistada nos momentos calmos — e não nas crises — transforma a dinâmica familiar. Reconhecer o próprio temperamento e o do filho abre um espaço de empatia que nenhuma técnica isolada consegue criar. O que está em jogo é a qualidade da vida dentro de casa: a relação conjugal, o desenvolvimento das crianças e a paz de quem educa.","Aula 1 — Introdução: o olhar do educador
Aula 2 — Ansiedade na educação e o diário de bordo
Aula 3 — A faculdade da sensibilidade (0 a 6 anos)
Aula 4 — A faculdade da afetividade (6 a 12 anos)
Aula 5 — A faculdade da inteligência (a partir dos 12 anos)
Aula 6 — Introdução à obediência
Aula 7 — As cinco condições da obediência
Aula 8 — Os cinco erros que minam a obediência
Aula 9 — Oito estratégias eficazes para dar comandos
Aula 10 — Introdução aos quatro temperamentos
Aula 11 — O temperamento melancólico
Aula 12 — O temperamento colérico
Aula 13 — O temperamento sanguíneo
Aula 14 — O temperamento fleumático
Aula 15 — Aprender a escutar
Aula 16 — Castigos e prêmios: quando e como usá-los
Aula 17 — Contenção e isolamento como recursos pontuais
Aula 18 — Autoridade não é amizade
Aula 19 — Introdução à autoridade real
Aula 20 — Critérios de maturidade para o educador
Aula 21 — Os cinco personagens: motivações e autoestima do educador
Aula 22 — Erros no exercício da autoridade: autoritarismo, superproteção e permissividade
Aula 23 — Formação da autoestima infantil
Aula 24 — A brincadeira como exercício de autoridade
Aula 25 — Introdução aos hábitos básicos
Aula 26 — Hábito da alimentação: 0 a 6 anos
Aula 27 — Hábito da alimentação: 6 a 12 anos
Aula 28 — Hábito da alimentação: a partir dos 12 anos
Aula 29 — Hábito da higiene: 0 a 6 anos
Aula 30 — Hábito da higiene: 6 a 12 anos
Aula 31 — Hábito da higiene: a partir dos 12 anos
Aula 32 — Hábito da ordem
Aula 33 — Hábito do sono: 0 a 3 anos
Aula 34 — Hábito do sono: 3 a 6 anos
Aula 35 — Hábito do sono: a partir dos 6 anos","Apresenta o amor como fundamento da educação e propõe três qualidades essenciais do educador — benevolência, otimismo e atenção — com a prática dos dez minutos diários de reflexão.
Discute como a ansiedade contamina as decisões educativas e apresenta o diário de bordo como ferramenta de objetividade para pais e professores.
Explica como crianças pequenas funcionam pela chave prazer-desprazer, a importância dos estímulos sensoriais ordenados e por que o tom de voz vale mais que o conteúdo da fala.
Descreve o universo interior das emoções, a diferença entre compensação intrínseca e extrínseca, e como ajudar a criança a tocar na alegria de fazer o bem.
Trata do surgimento da razão e da liberdade, do desejo legítimo de autonomia nos adolescentes e de quando ensinar a pensar vale mais do que dar ordens.
Estabelece que a obediência se conquista na rotina tranquila, não nas crises, e que as crianças nascem inclinadas a buscar segurança nos adultos.
Apresenta as cinco condições para que os comandos sejam bem recebidos: alegria da criança, tranquilidade, vínculo de confiança, forma adequada de falar e delicadeza nos detalhes.
Analisa desconfiança, superproteção, permissividade, autoritarismo e pessimismo como atitudes que destroem a disposição natural da criança de obedecer.
Enumera estratégias práticas: antecipar mudanças, usar o verbo querer, evitar perguntas retóricas, sermões e sobrecarga emocional, e introduzir a prática dirigida.
Explica os eixos introversão-extroversão e memória afetiva para identificar os temperamentos melancólico, colérico, sanguíneo e fleumático e como cada um recebe comandos.
Descreve o melancólico como introvertido e de memória afetiva profunda, destacando a necessidade de rotina, validação emocional e carinho para conquistar sua obediência.
Apresenta o colérico como extrovertido e orientado à ação, com orientações sobre como canalizar essa energia para o serviço e a liderança positiva.
Explica o sanguíneo como extrovertido e de memória afetiva superficial, com ênfase na linguagem lúdica, paciência na fase inicial e atenção ao risco de diagnóstico equivocado de TDAH.
Trata do fleumático como introvertido e de afetividade fluida, com a necessidade de modelos externos claros, histórias e validação do estado interior para mover à ação.
Defende que a desobediência raramente é maldade e propõe a escuta ativa — com gestos, olhar e toque — como premissa para identificar o que a criança realmente deseja.
Situa castigos e premiações como último recurso, explica por que premiações ligadas ao próprio hábito funcionam melhor e alerta contra os efeitos do castigo físico.
Apresenta contenção e isolamento como alternativas ao castigo físico em situações de desorganização emocional intensa, com orientações sobre como aplicá-los sem machucar.
Encerra o módulo de obediência reforçando que quem manda são os pais, que essa hierarquia gera segurança e que a ausência de autoridade está na raiz do bullying escolar.
Distingue autoridade de autoritarismo e apresenta o fascínio nascido da benevolência como fundamento da autoridade verdadeira, usando a desproporção adulto-criança como ponto de partida.
Percorre os critérios da Sociedade Americana de Saúde Mental em três grupos: sentir-se bem consigo mesmo, relacionar-se bem com os outros e suportar as exigências da vida.
Descreve cinco enredos motivacionais possíveis — do ser amado ao agir por transcendência — e mostra como reconhecer em qual deles se está para alcançar uma autoridade autêntica.
Analisa os três grandes erros práticos da autoridade e suas consequências: desmotivação, baixa autoestima e incapacidade de tomar decisões.
Apresenta os três pilares da autoestima: estabilidade afetiva, conquista de habilidades a serviço dos outros e aprender a agir com coragem assumindo a própria vulnerabilidade.
Mostra como a brincadeira supervisionada é um microcosmo onde se ensinam regras, lidar com frustração, perder e valores — e por que o adulto não deve se igualar à criança no jogo.
Apresenta o exemplo como expediente principal na formação de hábitos, a importância de hierarquizar os comandos e os quatro pilares da conduta do educador: exemplo, inventário, flexibilidade e paciência.
Trata das duas funções da alimentação (nutricional e social), da introdução alimentar, dos vícios criados por ansiedade parental e das cinco chaves para alcançar paz na refeição.
Aborda a conquista da autonomia à mesa, o papel da conversação como elemento de abstração e como lidar com a confrontação normal dos filhos em relação às regras alimentares.
Discute o aumento calórico da puberdade, o risco de afrouxar rotinas já conquistadas e os cuidados com juízos sobre a composição corporal dos adolescentes na refeição.
Apresenta o autocuidado e o cuidado com a casa como formadores de afetividade madura, com orientações sobre desfralde, escovação e como a interação no momento do cuidado estimula o desenvolvimento.
Foca na conquista da autonomia pessoal, na importância do asseio para a inclusão social e em como atribuir responsabilidades reais no cuidado da casa fortalece a autoestima.
Trata da autonomia subordinada, do questionamento saudável das regras pelos adolescentes e de como fazer pensar vale mais do que fazer obedecer nessa fase.
Distingue ordem material, temporal e nos valores, mostrando como cada uma forma a vontade e previne a preguiça, com lemas práticos e orientações sobre o hábito do estudo.
Explica a evolução do sono no primeiro ano, o ciclo circadiano, a insônia por associação e apresenta técnicas de treinamento do sono como a extinção gradual.
Aborda pesadelos, terror noturno e sonambulismo — suas causas, diferenças e abordagens — e como a carga afetiva positiva é mais eficaz que o consolo racional nessa faixa etária.
Trata da privação de sono em crianças maiores e adolescentes, do impacto das telas na qualidade do sono e de como zelar pela higiene do sono nessa fase de maior exposição à internet.",Curso Avulso,Acesso completo a este curso,,,https://hotmart.com/em-breve,"Acesso ao curso completo por 1 ano
35 aulas em vídeo, totalizando 14h
Material de apoio e bibliografia indicada
Certificado digital de conclusão",,,,,https://hotmart.com/em-breve,harmonia-familiar,"Todos os cursos listados acima, com acesso por 1 ano
Material de apoio e certificado de todos os cursos",,false,false,41_HarmoniaFamiliar.resposta.md,# Harmonia Familiar
literaturas-de-lingua-portuguesa-fuvest,Literaturas de Língua Portuguesa para a FUVEST,fabio-lanin,Literatura e Cultura,/images/cursos/literaturas-de-lingua-portuguesa-fuvest.webp,Nove obras do cânone lusófono lidas com rigor literário e sem atalhos para o vestibular.,"Da lira amorosa de Tomás Antônio Gonzaga ao conto moçambicano de Luís Bernardo Honwana, este curso percorre as obras de língua portuguesa exigidas pela FUVEST em ordem cronológica e com atenção ao que cada texto tem de singular. Não se trata de um roteiro de resumos, mas de uma leitura comentada: o professor lê trechos em voz alta, analisa escolhas formais e conecta cada obra ao seu momento histórico e estético.

Fábio Lanin conduz as aulas com um perfil editorial e comparatista — relaciona o humanitismo de Machado de Assis ao pessimismo de Schopenhauer, aproxima a memória em Guimarães Rosa do pensamento de Santo Agostinho, cruza o nacionalismo do Mensagem pessoano com as vanguardas europeias do século XX. A perspectiva é sempre a da formação literária, não apenas da preparação para prova.

O curso cobre obras do arcadismo ao pós-modernismo, passando pelo realismo, o modernismo brasileiro, o neorrealismo e a literatura de língua portuguesa produzida fora do Brasil. Cada obra recebe entre duas e três aulas, com panorama histórico-biográfico, análise de poemas ou capítulos selecionados e discussão dos temas centrais.

Voltado tanto para vestibulandos quanto para professores e leitores que desejam revisitar essas obras com mais profundidade, o curso assume que literatura se aprende lendo — e que ler bem demanda contexto, comparação e tempo.",27,18,https://www.youtube.com/embed/JyKphLsZ2xY,"Vestibulandos que precisam dominar as obras de língua portuguesa da lista da FUVEST
Professores do ensino médio que querem aprofundar o repertório analítico para essas obras
Pais que acompanham a preparação dos filhos e desejam entender o que está sendo estudado
Leitores que conhecem os títulos mas nunca os leram com atenção crítica e histórica","Situar cada obra em sua escola literária e compreender por que essa localização importa para a leitura
Analisar poemas do arcadismo identificando o carpe diem, a idealização da natureza e o amor erótico em Gonzaga
Reconhecer a ironia machadiana e a função do humanitismo como eixo filosófico de Quincas Borba
Identificar os heterônimos de Fernando Pessoa e interpretar a estrutura tripartite do Mensagem
Distinguir o gauche drummondinano como postura poética e ler seus poemas como metalinguagem e crítica social
Compreender a diferença entre realismo socialista, neorrealismo e literatura engajada a partir de Graciliano Ramos
Interpretar o Romanceiro da Inconfidência de Cecília Meireles conectando suas referências medievais, barrocas e simbolistas
Analisar Campo Geral de Guimarães Rosa a partir da oralidade, da memória agostiniana e da dualidade bem-mal
Ler Dois Irmãos de Milton Hatoum como retrato da decadência familiar e das relações de poder na sociedade manauara
Compreender a estrutura colonial em Nós Matamos o Cão Tinhoso e a crítica à reprodução do poder pelos colonizados","Ler literatura de vestibular apenas para passar na prova é desperdiçar o que esses textos têm a oferecer. Gonzaga, Machado, Drummond, Cecília Meireles, Guimarães Rosa, Graciliano Ramos, Fernando Pessoa, Milton Hatoum e Honwana formam um conjunto que permite entender como a língua portuguesa foi usada para nomear o amor, a injustiça, a memória, o poder colonial e a identidade — em diferentes séculos e continentes.

Quem passa por essas obras com um guia atento desenvolve a capacidade de ler textos complexos sem ansiedade, de identificar o argumento de um poema longo sem perder o fio, e de perceber como escolhas formais — um verso livre, uma metáfora desgastada citada com ironia, um nome de personagem — carregam significado. Essa habilidade analítica serve à prova, mas também à vida adulta de quem precisa ler com precisão e escrever com clareza.","Aula 1 — Tomás Antônio Gonzaga e o arcadismo: panorama biográfico e estético
Aula 2 — Marília de Dirceu: natureza, Eros e o amor como lei natural
Aula 3 — Marília de Dirceu: o casamento, a prisão e o degredo
Aula 4 — Machado de Assis e Quincas Borba: realismo, biografia e panorama estético
Aula 5 — Quincas Borba: o humanitismo e as relações de poder
Aula 6 — Quincas Borba: sedução, manipulação e o trágico enlouquecimento de Rubião
Aula 7 — Fernando Pessoa e o Mensagem: biografia, heterônimos e estrutura da obra
Aula 8 — Mensagem: história de Portugal do Brasão ao Mar Português
Aula 9 — Mensagem: o sebastianismo, o Quinto Império e o Nevoeiro
Aula 10 — Carlos Drummond de Andrade e Alguma Poesia: contexto histórico e estético
Aula 11 — Alguma Poesia: o gauche, a metalinguagem e a crítica ao romantismo
Aula 12 — Alguma Poesia: Europa, França e Bahia e o problema da identidade nacional
Aula 13 — Graciliano Ramos e Angústia: neorrealismo, engajamento e o narrador Luís da Silva
Aula 14 — Angústia: a livraria, a prostituição social e a teoria marxista do valor
Aula 15 — Angústia: Marina, Julião Tavares e o possível assassinato
Aula 16 — Cecília Meireles e o Romanceiro da Inconfidência: neossimbolismo e estrutura da obra
Aula 17 — Romanceiro da Inconfidência: a Fala Inicial, o Cenário e o poder criador da palavra
Aula 18 — Romanceiro da Inconfidência: Marília, o testamento e o Brasil dos anos 50
Aula 19 — João Guimarães Rosa e Campo Geral: linguagem, oralidade e o narrador
Aula 20 — Campo Geral: memória, infância e Santo Agostinho
Aula 21 — Campo Geral: bem e mal, morte e a metáfora dos óculos
Aula 22 — Milton Hatoum e Dois Irmãos: literatura contemporânea, intertextualidade e panorama da obra
Aula 23 — Dois Irmãos: a inimizade entre Yaqub e Omar, Lívia e o conflito central
Aula 24 — Dois Irmãos: relações de dependência, a geografia da casa e a decadência familiar
Aula 25 — Luís Bernardo Honwana e Nós Matamos o Cão Tinhoso: contexto colonial e estrutura dos contos
Aula 26 — Nós Matamos o Cão Tinhoso: cadeia de comando, banalidade do mal e o conto Dina
Aula 27 — Nós Matamos o Cão Tinhoso: As Mãos dos Pretos e o encerramento do curso","Apresenta a vida de Gonzaga, o contexto da Inconfidência Mineira e os fundamentos estéticos do arcadismo, incluindo o iluminismo, Rousseau e o ideal do bom selvagem.
Analisa liras selecionadas da primeira parte do poema, mostrando como Gonzaga relaciona o amor erótico à natureza e ao carpe diem, com referências à mitologia clássica.
Examina a transformação do amor idílico em projeto conjugal burguês e as liras das partes segunda e terceira, escritas durante a prisão e o exílio em Moçambique.
Contextualiza o realismo machadiano frente a Zola, Flaubert e Eça de Queirós, traça a trajetória de Machado e resume o enredo de Quincas Borba.
Analisa o humanitismo como paródia do determinismo e do darwinismo social, e examina cenas do romance para mostrar como a elite carioca explora Rubião.
Estuda o triângulo entre Rubião, Sofia e Cristiano Palha, com leitura de cenas centrais de sedução e análise do processo de ruína financeira e psíquica do protagonista.
Apresenta a vida de Pessoa, o fenômeno da heteronímia e a divisão tripartite do Mensagem em O Brasão, Mar Português e O Encoberto.
Analisa poemas das duas primeiras partes, incluindo A Europa, Ulisses, D. Henrique e D. Sebastião, mostrando como Pessoa reescreve a história portuguesa em chave mítica.
Examina a terceira parte do Mensagem, com atenção às vozes proféticas do Bandarra, Antônio Vieira e do próprio Pessoa, e ao poema de encerramento Nevoeiro.
Situa Drummond na geração de 30, no modernismo brasileiro e no turbulento cenário político dos anos 30, com exemplos iniciais de sua dicção poética.
Analisa o Poema de Sete Faces como guia poético do livro, além de Também já fui brasileiro e Política Literária, poemas que criticam o nacionalismo ufanista e o poeta oficial.
Lê o poema Europa, França e Bahia como crítica ao cosmopolitismo alienado, e examina Sentimental e outros poemas de viés político e social.
Apresenta Graciliano Ramos, distingue neorrealismo de realismo socialista e inicia a análise do romance pela voz perturbada de Luís da Silva e sua visão de classe.
Examina a cena da livraria e outros trechos para mostrar como Graciliano aplica os conceitos de valor de uso e valor de troca à vida social alagoana.
Analisa o triângulo entre Luís da Silva, Marina e Julião Tavares, a cena do enforcamento e a hipótese, formulada por Massaud Moisés, de que todo o romance é um delírio.
Situa Cecília Meireles na geração de 30 e no neossimbolismo, e explica como o Romanceiro reúne referências medievais, renascentistas, barrocas, simbolistas e modernas.
Analisa os dois primeiros poemas do livro e o Romance 53 (Das Palavras Aéreas), mostrando como Cecília tematiza a potência criadora e destruidora da linguagem.
Examina os poemas centrados em Marília de Dirceu como voz silenciada em Gonzaga, e conecta a escrita de Cecília ao contexto político e cultural do Brasil de 1953.
Apresenta o estilo de Guimarães Rosa, a fusão entre erudito e popular, e inicia a leitura de Campo Geral localizando o narrador, o espaço do Mutum e o tempo histórico.
Analisa as memórias de Miguilim à luz dos quatro níveis de memória de Santo Agostinho, mostrando como a narrativa cresce à medida que a percepção do protagonista amadurece.
Examina os diálogos entre Miguilim e o Dito sobre pecado, morte e bondade, a cena da morte do irmão e a revelação final dos óculos como conquista da consciência de si.
Discute como ler literatura sem o apoio de escolas literárias fixas, usando Umberto Eco, e apresenta os personagens, o espaço de Manaus e os ecos bíblicos e machadianos do romance.
Analisa a oposição entre os dois irmãos desde a infância, a cena do baile de carnaval com Lívia e o episódio da garrafa que marca o rosto de Yaqub e define toda a narrativa.
Examina os papéis sociais de Domingas, Nael e Rânia pela geografia dos espaços domésticos, e conecta a decadência da família ao processo de internacionalização de Manaus.
Apresenta Honwana e o contexto moçambicano sob o salazarismo, discute a diferença entre literatura engajada e panfletária, e analisa a hierarquia social dos personagens do conto-título.
Examina a obediência à vontade do administrador à luz do conceito de banalidade do mal de Hannah Arendt, e analisa o conto Dina como estudo de micropoder e humilhação.
Analisa o conto As Mãos dos Pretos como síntese da crítica à mentalidade colonizada, e conclui o curso com reflexão sobre descolonização literária e igualdade humana.",Curso Avulso,Acesso completo a este curso,,,https://hotmart.com/em-breve,"Acesso ao curso completo por 1 ano
27 aulas em vídeo, totalizando 18h
Material de apoio e bibliografia indicada
Certificado digital de conclusão",,,,,https://hotmart.com/em-breve,literaturas-de-lingua-portuguesa-fuvest,"Todos os cursos listados acima, com acesso por 1 ano
Material de apoio e certificado de todos os cursos",,false,false,42_LivrosFuvest2024_2025.resposta.md,# Literaturas de Língua Portuguesa para a FUVEST
